Command line invocation:
    /Applications/Xcode.app/Contents/Developer/usr/bin/xcodebuild -project /Volumes/SN550-2T/freewind-demos/swiftui-macos-multilanguage-code-editor-demo/SwiftUIMultilanguageCodeEditorDemo.xcodeproj -scheme SwiftUIMultilanguageCodeEditorDemo -configuration Debug -destination platform=macOS,arch=x86_64 -derivedDataPath /Volumes/SN550-2T/freewind-demos/swiftui-macos-multilanguage-code-editor-demo/build/out/DerivedData ONLY_ACTIVE_ARCH=YES ARCHS=x86_64 CONFIGURATION_BUILD_DIR=/Volumes/SN550-2T/freewind-demos/swiftui-macos-multilanguage-code-editor-demo/build/out/Debug build

Build settings from command line:
    ARCHS = x86_64
    CONFIGURATION_BUILD_DIR = /Volumes/SN550-2T/freewind-demos/swiftui-macos-multilanguage-code-editor-demo/build/out/Debug
    ONLY_ACTIVE_ARCH = YES

Resolve Package Graph

Fetching from https://github.com/ZeeZide/CodeEditor.git (cached)

Fetching from https://github.com/helje5/Highlightr (cached)

Creating working copy of package ‘Highlightr’

Creating working copy of package ‘CodeEditor’

Checking out 3.0.2 of package ‘Highlightr’

Checking out 1.2.6 of package ‘CodeEditor’


Resolved source packages:
  Highlightr: https://github.com/helje5/Highlightr @ 3.0.2
  CodeEditor: https://github.com/ZeeZide/CodeEditor.git @ 1.2.6

ComputePackagePrebuildTargetDependencyGraph

Prepare packages

CreateBuildRequest

SendProjectDescription

CreateBuildOperation

ComputeTargetDependencyGraph
note: Building targets in dependency order
note: Target dependency graph (6 targets)
    Target 'SwiftUIMultilanguageCodeEditorDemo' in project 'SwiftUIMultilanguageCodeEditorDemo'
        ➜ Explicit dependency on target 'CodeEditor' in project 'CodeEditor'
    Target 'CodeEditor' in project 'CodeEditor'
        ➜ Explicit dependency on target 'CodeEditor' in project 'CodeEditor'
        ➜ Explicit dependency on target 'Highlightr' in project 'Highlightr'
    Target 'CodeEditor' in project 'CodeEditor'
        ➜ Explicit dependency on target 'Highlightr' in project 'Highlightr'
    Target 'Highlightr' in project 'Highlightr'
        ➜ Explicit dependency on target 'Highlightr' in project 'Highlightr'
        ➜ Explicit dependency on target 'Highlightr_Highlightr' in project 'Highlightr'
    Target 'Highlightr' in project 'Highlightr'
        ➜ Explicit dependency on target 'Highlightr_Highlightr' in project 'Highlightr'
    Target 'Highlightr_Highlightr' in project 'Highlightr' (no dependencies)

GatherProvisioningInputs

CreateBuildDescription

ExecuteExternalTool /Applications/Xcode.app/Contents/Developer/Toolchains/XcodeDefault.xctoolchain/usr/bin/clang -v -E -dM -isysroot /Applications/Xcode.app/Contents/Developer/Platforms/MacOSX.platform/Developer/SDKs/MacOSX26.2.sdk -x c -c /dev/null

ExecuteExternalTool /Applications/Xcode.app/Contents/Developer/Toolchains/XcodeDefault.xctoolchain/usr/bin/swiftc --version

ExecuteExternalTool /Applications/Xcode.app/Contents/Developer/Toolchains/XcodeDefault.xctoolchain/usr/bin/ld -version_details

Build description signature: 736497e60c0e83410d746c23efd6b18e
Build description path: /Volumes/SN550-2T/freewind-demos/swiftui-macos-multilanguage-code-editor-demo/build/out/DerivedData/Build/Intermediates.noindex/XCBuildData/736497e60c0e83410d746c23efd6b18e.xcbuilddata
CreateBuildDirectory /Volumes/SN550-2T/freewind-demos/swiftui-macos-multilanguage-code-editor-demo/build/out/DerivedData/Build/Products
    cd /Volumes/SN550-2T/freewind-demos/swiftui-macos-multilanguage-code-editor-demo/SwiftUIMultilanguageCodeEditorDemo.xcodeproj
    builtin-create-build-directory /Volumes/SN550-2T/freewind-demos/swiftui-macos-multilanguage-code-editor-demo/build/out/DerivedData/Build/Products

CreateBuildDirectory /Volumes/SN550-2T/freewind-demos/swiftui-macos-multilanguage-code-editor-demo/build/out/DerivedData/Build/Intermediates.noindex
    cd /Volumes/SN550-2T/freewind-demos/swiftui-macos-multilanguage-code-editor-demo/SwiftUIMultilanguageCodeEditorDemo.xcodeproj
    builtin-create-build-directory /Volumes/SN550-2T/freewind-demos/swiftui-macos-multilanguage-code-editor-demo/build/out/DerivedData/Build/Intermediates.noindex

CreateBuildDirectory /Volumes/SN550-2T/freewind-demos/swiftui-macos-multilanguage-code-editor-demo/build/out/Debug
    cd /Volumes/SN550-2T/freewind-demos/swiftui-macos-multilanguage-code-editor-demo/SwiftUIMultilanguageCodeEditorDemo.xcodeproj
    builtin-create-build-directory /Volumes/SN550-2T/freewind-demos/swiftui-macos-multilanguage-code-editor-demo/build/out/Debug

ClangStatCache /Applications/Xcode.app/Contents/Developer/Toolchains/XcodeDefault.xctoolchain/usr/bin/clang-stat-cache /Applications/Xcode.app/Contents/Developer/Platforms/MacOSX.platform/Developer/SDKs/MacOSX26.2.sdk /Volumes/SN550-2T/freewind-demos/swiftui-macos-multilanguage-code-editor-demo/build/out/DerivedData/SDKStatCaches.noindex/macosx26.2-25C58-00fa09913b459cbbc988d1f6730289ae.sdkstatcache
    cd /Volumes/SN550-2T/freewind-demos/swiftui-macos-multilanguage-code-editor-demo/SwiftUIMultilanguageCodeEditorDemo.xcodeproj
    /Applications/Xcode.app/Contents/Developer/Toolchains/XcodeDefault.xctoolchain/usr/bin/clang-stat-cache /Applications/Xcode.app/Contents/Developer/Platforms/MacOSX.platform/Developer/SDKs/MacOSX26.2.sdk -o /Volumes/SN550-2T/freewind-demos/swiftui-macos-multilanguage-code-editor-demo/build/out/DerivedData/SDKStatCaches.noindex/macosx26.2-25C58-00fa09913b459cbbc988d1f6730289ae.sdkstatcache

CreateBuildDirectory /Volumes/SN550-2T/freewind-demos/swiftui-macos-multilanguage-code-editor-demo/build/out/DerivedData/Build/Intermediates.noindex/SwiftExplicitPrecompiledModules
    cd /Volumes/SN550-2T/freewind-demos/swiftui-macos-multilanguage-code-editor-demo/SwiftUIMultilanguageCodeEditorDemo.xcodeproj
    builtin-create-build-directory /Volumes/SN550-2T/freewind-demos/swiftui-macos-multilanguage-code-editor-demo/build/out/DerivedData/Build/Intermediates.noindex/SwiftExplicitPrecompiledModules

CreateBuildDirectory /Volumes/SN550-2T/freewind-demos/swiftui-macos-multilanguage-code-editor-demo/build/out/DerivedData/Build/Intermediates.noindex/ExplicitPrecompiledModules
    cd /Volumes/SN550-2T/freewind-demos/swiftui-macos-multilanguage-code-editor-demo/SwiftUIMultilanguageCodeEditorDemo.xcodeproj
    builtin-create-build-directory /Volumes/SN550-2T/freewind-demos/swiftui-macos-multilanguage-code-editor-demo/build/out/DerivedData/Build/Intermediates.noindex/ExplicitPrecompiledModules

CreateBuildDirectory /Volumes/SN550-2T/freewind-demos/swiftui-macos-multilanguage-code-editor-demo/build/out/Debug/PackageFrameworks
    cd /Volumes/SN550-2T/freewind-demos/swiftui-macos-multilanguage-code-editor-demo/SwiftUIMultilanguageCodeEditorDemo.xcodeproj
    builtin-create-build-directory /Volumes/SN550-2T/freewind-demos/swiftui-macos-multilanguage-code-editor-demo/build/out/Debug/PackageFrameworks

CreateBuildDirectory /Volumes/SN550-2T/freewind-demos/swiftui-macos-multilanguage-code-editor-demo/build/out/DerivedData/Build/Intermediates.noindex/EagerLinkingTBDs/Debug
    cd /Volumes/SN550-2T/freewind-demos/swiftui-macos-multilanguage-code-editor-demo/SwiftUIMultilanguageCodeEditorDemo.xcodeproj
    builtin-create-build-directory /Volumes/SN550-2T/freewind-demos/swiftui-macos-multilanguage-code-editor-demo/build/out/DerivedData/Build/Intermediates.noindex/EagerLinkingTBDs/Debug

WriteAuxiliaryFile /Volumes/SN550-2T/freewind-demos/swiftui-macos-multilanguage-code-editor-demo/build/out/DerivedData/Build/Intermediates.noindex/SwiftUIMultilanguageCodeEditorDemo.build/Debug/SwiftUIMultilanguageCodeEditorDemo-5166de08e69a4b826ded072cf8c6ac01-VFS/all-product-headers.yaml
    cd /Volumes/SN550-2T/freewind-demos/swiftui-macos-multilanguage-code-editor-demo/SwiftUIMultilanguageCodeEditorDemo.xcodeproj
    write-file /Volumes/SN550-2T/freewind-demos/swiftui-macos-multilanguage-code-editor-demo/build/out/DerivedData/Build/Intermediates.noindex/SwiftUIMultilanguageCodeEditorDemo.build/Debug/SwiftUIMultilanguageCodeEditorDemo-5166de08e69a4b826ded072cf8c6ac01-VFS/all-product-headers.yaml

WriteAuxiliaryFile /Volumes/SN550-2T/freewind-demos/swiftui-macos-multilanguage-code-editor-demo/build/out/DerivedData/Build/Intermediates.noindex/SwiftUIMultilanguageCodeEditorDemo.build/Debug/SwiftUIMultilanguageCodeEditorDemo.build/SwiftUIMultilanguageCodeEditorDemo.DependencyStaticMetadataFileList (in target 'SwiftUIMultilanguageCodeEditorDemo' from project 'SwiftUIMultilanguageCodeEditorDemo')
    cd /Volumes/SN550-2T/freewind-demos/swiftui-macos-multilanguage-code-editor-demo
    write-file /Volumes/SN550-2T/freewind-demos/swiftui-macos-multilanguage-code-editor-demo/build/out/DerivedData/Build/Intermediates.noindex/SwiftUIMultilanguageCodeEditorDemo.build/Debug/SwiftUIMultilanguageCodeEditorDemo.build/SwiftUIMultilanguageCodeEditorDemo.DependencyStaticMetadataFileList

WriteAuxiliaryFile /Volumes/SN550-2T/freewind-demos/swiftui-macos-multilanguage-code-editor-demo/build/out/DerivedData/Build/Intermediates.noindex/SwiftUIMultilanguageCodeEditorDemo.build/Debug/SwiftUIMultilanguageCodeEditorDemo.build/SwiftUIMultilanguageCodeEditorDemo.DependencyMetadataFileList (in target 'SwiftUIMultilanguageCodeEditorDemo' from project 'SwiftUIMultilanguageCodeEditorDemo')
    cd /Volumes/SN550-2T/freewind-demos/swiftui-macos-multilanguage-code-editor-demo
    write-file /Volumes/SN550-2T/freewind-demos/swiftui-macos-multilanguage-code-editor-demo/build/out/DerivedData/Build/Intermediates.noindex/SwiftUIMultilanguageCodeEditorDemo.build/Debug/SwiftUIMultilanguageCodeEditorDemo.build/SwiftUIMultilanguageCodeEditorDemo.DependencyMetadataFileList

WriteAuxiliaryFile /Volumes/SN550-2T/freewind-demos/swiftui-macos-multilanguage-code-editor-demo/build/out/DerivedData/Build/Intermediates.noindex/SwiftUIMultilanguageCodeEditorDemo.build/Debug/SwiftUIMultilanguageCodeEditorDemo.build/SwiftUIMultilanguageCodeEditorDemo-project-headers.hmap (in target 'SwiftUIMultilanguageCodeEditorDemo' from project 'SwiftUIMultilanguageCodeEditorDemo')
    cd /Volumes/SN550-2T/freewind-demos/swiftui-macos-multilanguage-code-editor-demo
    write-file /Volumes/SN550-2T/freewind-demos/swiftui-macos-multilanguage-code-editor-demo/build/out/DerivedData/Build/Intermediates.noindex/SwiftUIMultilanguageCodeEditorDemo.build/Debug/SwiftUIMultilanguageCodeEditorDemo.build/SwiftUIMultilanguageCodeEditorDemo-project-headers.hmap

WriteAuxiliaryFile /Volumes/SN550-2T/freewind-demos/swiftui-macos-multilanguage-code-editor-demo/build/out/DerivedData/Build/Intermediates.noindex/SwiftUIMultilanguageCodeEditorDemo.build/Debug/SwiftUIMultilanguageCodeEditorDemo.build/SwiftUIMultilanguageCodeEditorDemo.hmap (in target 'SwiftUIMultilanguageCodeEditorDemo' from project 'SwiftUIMultilanguageCodeEditorDemo')
    cd /Volumes/SN550-2T/freewind-demos/swiftui-macos-multilanguage-code-editor-demo
    write-file /Volumes/SN550-2T/freewind-demos/swiftui-macos-multilanguage-code-editor-demo/build/out/DerivedData/Build/Intermediates.noindex/SwiftUIMultilanguageCodeEditorDemo.build/Debug/SwiftUIMultilanguageCodeEditorDemo.build/SwiftUIMultilanguageCodeEditorDemo.hmap

WriteAuxiliaryFile /Volumes/SN550-2T/freewind-demos/swiftui-macos-multilanguage-code-editor-demo/build/out/DerivedData/Build/Intermediates.noindex/SwiftUIMultilanguageCodeEditorDemo.build/Debug/SwiftUIMultilanguageCodeEditorDemo.build/SwiftUIMultilanguageCodeEditorDemo-own-target-headers.hmap (in target 'SwiftUIMultilanguageCodeEditorDemo' from project 'SwiftUIMultilanguageCodeEditorDemo')
    cd /Volumes/SN550-2T/freewind-demos/swiftui-macos-multilanguage-code-editor-demo
    write-file /Volumes/SN550-2T/freewind-demos/swiftui-macos-multilanguage-code-editor-demo/build/out/DerivedData/Build/Intermediates.noindex/SwiftUIMultilanguageCodeEditorDemo.build/Debug/SwiftUIMultilanguageCodeEditorDemo.build/SwiftUIMultilanguageCodeEditorDemo-own-target-headers.hmap

WriteAuxiliaryFile /Volumes/SN550-2T/freewind-demos/swiftui-macos-multilanguage-code-editor-demo/build/out/DerivedData/Build/Intermediates.noindex/CodeEditor.build/Debug/CodeEditor.build/CodeEditor.modulemap (in target 'CodeEditor' from project 'CodeEditor')
    cd /Volumes/SN550-2T/freewind-demos/swiftui-macos-multilanguage-code-editor-demo/build/out/DerivedData/SourcePackages/checkouts/CodeEditor
    write-file /Volumes/SN550-2T/freewind-demos/swiftui-macos-multilanguage-code-editor-demo/build/out/DerivedData/Build/Intermediates.noindex/CodeEditor.build/Debug/CodeEditor.build/CodeEditor.modulemap

WriteAuxiliaryFile /Volumes/SN550-2T/freewind-demos/swiftui-macos-multilanguage-code-editor-demo/build/out/DerivedData/Build/Intermediates.noindex/CodeEditor.build/Debug/CodeEditor.build/Objects-normal/x86_64/CodeEditor.SwiftFileList (in target 'CodeEditor' from project 'CodeEditor')
    cd /Volumes/SN550-2T/freewind-demos/swiftui-macos-multilanguage-code-editor-demo/build/out/DerivedData/SourcePackages/checkouts/CodeEditor
    write-file /Volumes/SN550-2T/freewind-demos/swiftui-macos-multilanguage-code-editor-demo/build/out/DerivedData/Build/Intermediates.noindex/CodeEditor.build/Debug/CodeEditor.build/Objects-normal/x86_64/CodeEditor.SwiftFileList

WriteAuxiliaryFile /Volumes/SN550-2T/freewind-demos/swiftui-macos-multilanguage-code-editor-demo/build/out/DerivedData/Build/Intermediates.noindex/CodeEditor.build/Debug/CodeEditor.build/Objects-normal/x86_64/CodeEditor_const_extract_protocols.json (in target 'CodeEditor' from project 'CodeEditor')
    cd /Volumes/SN550-2T/freewind-demos/swiftui-macos-multilanguage-code-editor-demo/build/out/DerivedData/SourcePackages/checkouts/CodeEditor
    write-file /Volumes/SN550-2T/freewind-demos/swiftui-macos-multilanguage-code-editor-demo/build/out/DerivedData/Build/Intermediates.noindex/CodeEditor.build/Debug/CodeEditor.build/Objects-normal/x86_64/CodeEditor_const_extract_protocols.json

WriteAuxiliaryFile /Volumes/SN550-2T/freewind-demos/swiftui-macos-multilanguage-code-editor-demo/build/out/DerivedData/Build/Intermediates.noindex/CodeEditor.build/Debug/CodeEditor.build/Objects-normal/x86_64/CodeEditor.LinkFileList (in target 'CodeEditor' from project 'CodeEditor')
    cd /Volumes/SN550-2T/freewind-demos/swiftui-macos-multilanguage-code-editor-demo/build/out/DerivedData/SourcePackages/checkouts/CodeEditor
    write-file /Volumes/SN550-2T/freewind-demos/swiftui-macos-multilanguage-code-editor-demo/build/out/DerivedData/Build/Intermediates.noindex/CodeEditor.build/Debug/CodeEditor.build/Objects-normal/x86_64/CodeEditor.LinkFileList

WriteAuxiliaryFile /Volumes/SN550-2T/freewind-demos/swiftui-macos-multilanguage-code-editor-demo/build/out/DerivedData/Build/Intermediates.noindex/CodeEditor.build/Debug/CodeEditor.build/Objects-normal/x86_64/CodeEditor.SwiftConstValuesFileList (in target 'CodeEditor' from project 'CodeEditor')
    cd /Volumes/SN550-2T/freewind-demos/swiftui-macos-multilanguage-code-editor-demo/build/out/DerivedData/SourcePackages/checkouts/CodeEditor
    write-file /Volumes/SN550-2T/freewind-demos/swiftui-macos-multilanguage-code-editor-demo/build/out/DerivedData/Build/Intermediates.noindex/CodeEditor.build/Debug/CodeEditor.build/Objects-normal/x86_64/CodeEditor.SwiftConstValuesFileList

WriteAuxiliaryFile /Volumes/SN550-2T/freewind-demos/swiftui-macos-multilanguage-code-editor-demo/build/out/DerivedData/Build/Intermediates.noindex/CodeEditor.build/Debug/CodeEditor.build/Objects-normal/x86_64/CodeEditor-OutputFileMap.json (in target 'CodeEditor' from project 'CodeEditor')
    cd /Volumes/SN550-2T/freewind-demos/swiftui-macos-multilanguage-code-editor-demo/build/out/DerivedData/SourcePackages/checkouts/CodeEditor
    write-file /Volumes/SN550-2T/freewind-demos/swiftui-macos-multilanguage-code-editor-demo/build/out/DerivedData/Build/Intermediates.noindex/CodeEditor.build/Debug/CodeEditor.build/Objects-normal/x86_64/CodeEditor-OutputFileMap.json

WriteAuxiliaryFile /Volumes/SN550-2T/freewind-demos/swiftui-macos-multilanguage-code-editor-demo/build/out/DerivedData/Build/Intermediates.noindex/SwiftUIMultilanguageCodeEditorDemo.build/Debug/SwiftUIMultilanguageCodeEditorDemo.build/SwiftUIMultilanguageCodeEditorDemo-generated-files.hmap (in target 'SwiftUIMultilanguageCodeEditorDemo' from project 'SwiftUIMultilanguageCodeEditorDemo')
    cd /Volumes/SN550-2T/freewind-demos/swiftui-macos-multilanguage-code-editor-demo
    write-file /Volumes/SN550-2T/freewind-demos/swiftui-macos-multilanguage-code-editor-demo/build/out/DerivedData/Build/Intermediates.noindex/SwiftUIMultilanguageCodeEditorDemo.build/Debug/SwiftUIMultilanguageCodeEditorDemo.build/SwiftUIMultilanguageCodeEditorDemo-generated-files.hmap

WriteAuxiliaryFile /Volumes/SN550-2T/freewind-demos/swiftui-macos-multilanguage-code-editor-demo/build/out/DerivedData/Build/Intermediates.noindex/SwiftUIMultilanguageCodeEditorDemo.build/Debug/SwiftUIMultilanguageCodeEditorDemo.build/SwiftUIMultilanguageCodeEditorDemo-all-target-headers.hmap (in target 'SwiftUIMultilanguageCodeEditorDemo' from project 'SwiftUIMultilanguageCodeEditorDemo')
    cd /Volumes/SN550-2T/freewind-demos/swiftui-macos-multilanguage-code-editor-demo
    write-file /Volumes/SN550-2T/freewind-demos/swiftui-macos-multilanguage-code-editor-demo/build/out/DerivedData/Build/Intermediates.noindex/SwiftUIMultilanguageCodeEditorDemo.build/Debug/SwiftUIMultilanguageCodeEditorDemo.build/SwiftUIMultilanguageCodeEditorDemo-all-target-headers.hmap

WriteAuxiliaryFile /Volumes/SN550-2T/freewind-demos/swiftui-macos-multilanguage-code-editor-demo/build/out/DerivedData/Build/Intermediates.noindex/SwiftUIMultilanguageCodeEditorDemo.build/Debug/SwiftUIMultilanguageCodeEditorDemo.build/SwiftUIMultilanguageCodeEditorDemo-DebugDylibInstallName-normal-x86_64.txt (in target 'SwiftUIMultilanguageCodeEditorDemo' from project 'SwiftUIMultilanguageCodeEditorDemo')
    cd /Volumes/SN550-2T/freewind-demos/swiftui-macos-multilanguage-code-editor-demo
    write-file /Volumes/SN550-2T/freewind-demos/swiftui-macos-multilanguage-code-editor-demo/build/out/DerivedData/Build/Intermediates.noindex/SwiftUIMultilanguageCodeEditorDemo.build/Debug/SwiftUIMultilanguageCodeEditorDemo.build/SwiftUIMultilanguageCodeEditorDemo-DebugDylibInstallName-normal-x86_64.txt

WriteAuxiliaryFile /Volumes/SN550-2T/freewind-demos/swiftui-macos-multilanguage-code-editor-demo/build/out/DerivedData/Build/Intermediates.noindex/SwiftUIMultilanguageCodeEditorDemo.build/Debug/SwiftUIMultilanguageCodeEditorDemo.build/SwiftUIMultilanguageCodeEditorDemo-all-non-framework-target-headers.hmap (in target 'SwiftUIMultilanguageCodeEditorDemo' from project 'SwiftUIMultilanguageCodeEditorDemo')
    cd /Volumes/SN550-2T/freewind-demos/swiftui-macos-multilanguage-code-editor-demo
    write-file /Volumes/SN550-2T/freewind-demos/swiftui-macos-multilanguage-code-editor-demo/build/out/DerivedData/Build/Intermediates.noindex/SwiftUIMultilanguageCodeEditorDemo.build/Debug/SwiftUIMultilanguageCodeEditorDemo.build/SwiftUIMultilanguageCodeEditorDemo-all-non-framework-target-headers.hmap

WriteAuxiliaryFile /Volumes/SN550-2T/freewind-demos/swiftui-macos-multilanguage-code-editor-demo/build/out/DerivedData/Build/Intermediates.noindex/SwiftUIMultilanguageCodeEditorDemo.build/Debug/SwiftUIMultilanguageCodeEditorDemo.build/SwiftUIMultilanguageCodeEditorDemo-DebugDylibPath-normal-x86_64.txt (in target 'SwiftUIMultilanguageCodeEditorDemo' from project 'SwiftUIMultilanguageCodeEditorDemo')
    cd /Volumes/SN550-2T/freewind-demos/swiftui-macos-multilanguage-code-editor-demo
    write-file /Volumes/SN550-2T/freewind-demos/swiftui-macos-multilanguage-code-editor-demo/build/out/DerivedData/Build/Intermediates.noindex/SwiftUIMultilanguageCodeEditorDemo.build/Debug/SwiftUIMultilanguageCodeEditorDemo.build/SwiftUIMultilanguageCodeEditorDemo-DebugDylibPath-normal-x86_64.txt

WriteAuxiliaryFile /Volumes/SN550-2T/freewind-demos/swiftui-macos-multilanguage-code-editor-demo/build/out/DerivedData/Build/Intermediates.noindex/SwiftUIMultilanguageCodeEditorDemo.build/Debug/SwiftUIMultilanguageCodeEditorDemo.build/Objects-normal/x86_64/SwiftUIMultilanguageCodeEditorDemo_const_extract_protocols.json (in target 'SwiftUIMultilanguageCodeEditorDemo' from project 'SwiftUIMultilanguageCodeEditorDemo')
    cd /Volumes/SN550-2T/freewind-demos/swiftui-macos-multilanguage-code-editor-demo
    write-file /Volumes/SN550-2T/freewind-demos/swiftui-macos-multilanguage-code-editor-demo/build/out/DerivedData/Build/Intermediates.noindex/SwiftUIMultilanguageCodeEditorDemo.build/Debug/SwiftUIMultilanguageCodeEditorDemo.build/Objects-normal/x86_64/SwiftUIMultilanguageCodeEditorDemo_const_extract_protocols.json

WriteAuxiliaryFile /Volumes/SN550-2T/freewind-demos/swiftui-macos-multilanguage-code-editor-demo/build/out/DerivedData/Build/Intermediates.noindex/SwiftUIMultilanguageCodeEditorDemo.build/Debug/SwiftUIMultilanguageCodeEditorDemo.build/Objects-normal/x86_64/SwiftUIMultilanguageCodeEditorDemo.SwiftFileList (in target 'SwiftUIMultilanguageCodeEditorDemo' from project 'SwiftUIMultilanguageCodeEditorDemo')
    cd /Volumes/SN550-2T/freewind-demos/swiftui-macos-multilanguage-code-editor-demo
    write-file /Volumes/SN550-2T/freewind-demos/swiftui-macos-multilanguage-code-editor-demo/build/out/DerivedData/Build/Intermediates.noindex/SwiftUIMultilanguageCodeEditorDemo.build/Debug/SwiftUIMultilanguageCodeEditorDemo.build/Objects-normal/x86_64/SwiftUIMultilanguageCodeEditorDemo.SwiftFileList

WriteAuxiliaryFile /Volumes/SN550-2T/freewind-demos/swiftui-macos-multilanguage-code-editor-demo/build/out/DerivedData/Build/Intermediates.noindex/SwiftUIMultilanguageCodeEditorDemo.build/Debug/SwiftUIMultilanguageCodeEditorDemo.build/Objects-normal/x86_64/SwiftUIMultilanguageCodeEditorDemo.SwiftConstValuesFileList (in target 'SwiftUIMultilanguageCodeEditorDemo' from project 'SwiftUIMultilanguageCodeEditorDemo')
    cd /Volumes/SN550-2T/freewind-demos/swiftui-macos-multilanguage-code-editor-demo
    write-file /Volumes/SN550-2T/freewind-demos/swiftui-macos-multilanguage-code-editor-demo/build/out/DerivedData/Build/Intermediates.noindex/SwiftUIMultilanguageCodeEditorDemo.build/Debug/SwiftUIMultilanguageCodeEditorDemo.build/Objects-normal/x86_64/SwiftUIMultilanguageCodeEditorDemo.SwiftConstValuesFileList

WriteAuxiliaryFile /Volumes/SN550-2T/freewind-demos/swiftui-macos-multilanguage-code-editor-demo/build/out/DerivedData/Build/Intermediates.noindex/SwiftUIMultilanguageCodeEditorDemo.build/Debug/SwiftUIMultilanguageCodeEditorDemo.build/Objects-normal/x86_64/SwiftUIMultilanguageCodeEditorDemo.LinkFileList (in target 'SwiftUIMultilanguageCodeEditorDemo' from project 'SwiftUIMultilanguageCodeEditorDemo')
    cd /Volumes/SN550-2T/freewind-demos/swiftui-macos-multilanguage-code-editor-demo
    write-file /Volumes/SN550-2T/freewind-demos/swiftui-macos-multilanguage-code-editor-demo/build/out/DerivedData/Build/Intermediates.noindex/SwiftUIMultilanguageCodeEditorDemo.build/Debug/SwiftUIMultilanguageCodeEditorDemo.build/Objects-normal/x86_64/SwiftUIMultilanguageCodeEditorDemo.LinkFileList

WriteAuxiliaryFile /Volumes/SN550-2T/freewind-demos/swiftui-macos-multilanguage-code-editor-demo/build/out/DerivedData/Build/Intermediates.noindex/SwiftUIMultilanguageCodeEditorDemo.build/Debug/SwiftUIMultilanguageCodeEditorDemo.build/Objects-normal/x86_64/SwiftUIMultilanguageCodeEditorDemo-OutputFileMap.json (in target 'SwiftUIMultilanguageCodeEditorDemo' from project 'SwiftUIMultilanguageCodeEditorDemo')
    cd /Volumes/SN550-2T/freewind-demos/swiftui-macos-multilanguage-code-editor-demo
    write-file /Volumes/SN550-2T/freewind-demos/swiftui-macos-multilanguage-code-editor-demo/build/out/DerivedData/Build/Intermediates.noindex/SwiftUIMultilanguageCodeEditorDemo.build/Debug/SwiftUIMultilanguageCodeEditorDemo.build/Objects-normal/x86_64/SwiftUIMultilanguageCodeEditorDemo-OutputFileMap.json

WriteAuxiliaryFile /Volumes/SN550-2T/freewind-demos/swiftui-macos-multilanguage-code-editor-demo/build/out/DerivedData/Build/Intermediates.noindex/SwiftUIMultilanguageCodeEditorDemo.build/Debug/SwiftUIMultilanguageCodeEditorDemo.build/DerivedSources/Entitlements.plist (in target 'SwiftUIMultilanguageCodeEditorDemo' from project 'SwiftUIMultilanguageCodeEditorDemo')
    cd /Volumes/SN550-2T/freewind-demos/swiftui-macos-multilanguage-code-editor-demo
    write-file /Volumes/SN550-2T/freewind-demos/swiftui-macos-multilanguage-code-editor-demo/build/out/DerivedData/Build/Intermediates.noindex/SwiftUIMultilanguageCodeEditorDemo.build/Debug/SwiftUIMultilanguageCodeEditorDemo.build/DerivedSources/Entitlements.plist

WriteAuxiliaryFile /Volumes/SN550-2T/freewind-demos/swiftui-macos-multilanguage-code-editor-demo/build/out/DerivedData/Build/Intermediates.noindex/Highlightr.build/Debug/Highlightr.build/Highlightr.modulemap (in target 'Highlightr' from project 'Highlightr')
    cd /Volumes/SN550-2T/freewind-demos/swiftui-macos-multilanguage-code-editor-demo/build/out/DerivedData/SourcePackages/checkouts/Highlightr
    write-file /Volumes/SN550-2T/freewind-demos/swiftui-macos-multilanguage-code-editor-demo/build/out/DerivedData/Build/Intermediates.noindex/Highlightr.build/Debug/Highlightr.build/Highlightr.modulemap

WriteAuxiliaryFile /Volumes/SN550-2T/freewind-demos/swiftui-macos-multilanguage-code-editor-demo/build/out/DerivedData/Build/Intermediates.noindex/Highlightr.build/Debug/Highlightr_Highlightr.build/Highlightr_Highlightr.DependencyStaticMetadataFileList (in target 'Highlightr_Highlightr' from project 'Highlightr')
    cd /Volumes/SN550-2T/freewind-demos/swiftui-macos-multilanguage-code-editor-demo/build/out/DerivedData/SourcePackages/checkouts/Highlightr
    write-file /Volumes/SN550-2T/freewind-demos/swiftui-macos-multilanguage-code-editor-demo/build/out/DerivedData/Build/Intermediates.noindex/Highlightr.build/Debug/Highlightr_Highlightr.build/Highlightr_Highlightr.DependencyStaticMetadataFileList

WriteAuxiliaryFile /Volumes/SN550-2T/freewind-demos/swiftui-macos-multilanguage-code-editor-demo/build/out/DerivedData/Build/Intermediates.noindex/Highlightr.build/Debug/Highlightr_Highlightr.build/empty-Highlightr_Highlightr.plist (in target 'Highlightr_Highlightr' from project 'Highlightr')
    cd /Volumes/SN550-2T/freewind-demos/swiftui-macos-multilanguage-code-editor-demo/build/out/DerivedData/SourcePackages/checkouts/Highlightr
    write-file /Volumes/SN550-2T/freewind-demos/swiftui-macos-multilanguage-code-editor-demo/build/out/DerivedData/Build/Intermediates.noindex/Highlightr.build/Debug/Highlightr_Highlightr.build/empty-Highlightr_Highlightr.plist

WriteAuxiliaryFile /Volumes/SN550-2T/freewind-demos/swiftui-macos-multilanguage-code-editor-demo/build/out/DerivedData/Build/Intermediates.noindex/Highlightr.build/Debug/Highlightr_Highlightr.build/Highlightr_Highlightr.DependencyMetadataFileList (in target 'Highlightr_Highlightr' from project 'Highlightr')
    cd /Volumes/SN550-2T/freewind-demos/swiftui-macos-multilanguage-code-editor-demo/build/out/DerivedData/SourcePackages/checkouts/Highlightr
    write-file /Volumes/SN550-2T/freewind-demos/swiftui-macos-multilanguage-code-editor-demo/build/out/DerivedData/Build/Intermediates.noindex/Highlightr.build/Debug/Highlightr_Highlightr.build/Highlightr_Highlightr.DependencyMetadataFileList

WriteAuxiliaryFile /Volumes/SN550-2T/freewind-demos/swiftui-macos-multilanguage-code-editor-demo/build/out/DerivedData/Build/Intermediates.noindex/Highlightr.build/Debug/Highlightr.build/Objects-normal/x86_64/Highlightr.SwiftFileList (in target 'Highlightr' from project 'Highlightr')
    cd /Volumes/SN550-2T/freewind-demos/swiftui-macos-multilanguage-code-editor-demo/build/out/DerivedData/SourcePackages/checkouts/Highlightr
    write-file /Volumes/SN550-2T/freewind-demos/swiftui-macos-multilanguage-code-editor-demo/build/out/DerivedData/Build/Intermediates.noindex/Highlightr.build/Debug/Highlightr.build/Objects-normal/x86_64/Highlightr.SwiftFileList

WriteAuxiliaryFile /Volumes/SN550-2T/freewind-demos/swiftui-macos-multilanguage-code-editor-demo/build/out/DerivedData/Build/Intermediates.noindex/Highlightr.build/Debug/Highlightr.build/Objects-normal/x86_64/Highlightr.LinkFileList (in target 'Highlightr' from project 'Highlightr')
    cd /Volumes/SN550-2T/freewind-demos/swiftui-macos-multilanguage-code-editor-demo/build/out/DerivedData/SourcePackages/checkouts/Highlightr
    write-file /Volumes/SN550-2T/freewind-demos/swiftui-macos-multilanguage-code-editor-demo/build/out/DerivedData/Build/Intermediates.noindex/Highlightr.build/Debug/Highlightr.build/Objects-normal/x86_64/Highlightr.LinkFileList

WriteAuxiliaryFile /Volumes/SN550-2T/freewind-demos/swiftui-macos-multilanguage-code-editor-demo/build/out/DerivedData/Build/Intermediates.noindex/Highlightr.build/Debug/Highlightr.build/Objects-normal/x86_64/Highlightr.SwiftConstValuesFileList (in target 'Highlightr' from project 'Highlightr')
    cd /Volumes/SN550-2T/freewind-demos/swiftui-macos-multilanguage-code-editor-demo/build/out/DerivedData/SourcePackages/checkouts/Highlightr
    write-file /Volumes/SN550-2T/freewind-demos/swiftui-macos-multilanguage-code-editor-demo/build/out/DerivedData/Build/Intermediates.noindex/Highlightr.build/Debug/Highlightr.build/Objects-normal/x86_64/Highlightr.SwiftConstValuesFileList

WriteAuxiliaryFile /Volumes/SN550-2T/freewind-demos/swiftui-macos-multilanguage-code-editor-demo/build/out/DerivedData/Build/Intermediates.noindex/Highlightr.build/Debug/Highlightr.build/Objects-normal/x86_64/Highlightr-OutputFileMap.json (in target 'Highlightr' from project 'Highlightr')
    cd /Volumes/SN550-2T/freewind-demos/swiftui-macos-multilanguage-code-editor-demo/build/out/DerivedData/SourcePackages/checkouts/Highlightr
    write-file /Volumes/SN550-2T/freewind-demos/swiftui-macos-multilanguage-code-editor-demo/build/out/DerivedData/Build/Intermediates.noindex/Highlightr.build/Debug/Highlightr.build/Objects-normal/x86_64/Highlightr-OutputFileMap.json

WriteAuxiliaryFile /Volumes/SN550-2T/freewind-demos/swiftui-macos-multilanguage-code-editor-demo/build/out/DerivedData/Build/Intermediates.noindex/Highlightr.build/Debug/Highlightr.build/Objects-normal/x86_64/Highlightr_const_extract_protocols.json (in target 'Highlightr' from project 'Highlightr')
    cd /Volumes/SN550-2T/freewind-demos/swiftui-macos-multilanguage-code-editor-demo/build/out/DerivedData/SourcePackages/checkouts/Highlightr
    write-file /Volumes/SN550-2T/freewind-demos/swiftui-macos-multilanguage-code-editor-demo/build/out/DerivedData/Build/Intermediates.noindex/Highlightr.build/Debug/Highlightr.build/Objects-normal/x86_64/Highlightr_const_extract_protocols.json

WriteAuxiliaryFile /Volumes/SN550-2T/freewind-demos/swiftui-macos-multilanguage-code-editor-demo/build/out/DerivedData/Build/Intermediates.noindex/Highlightr.build/Debug/Highlightr.build/Highlightr.DependencyStaticMetadataFileList (in target 'Highlightr' from project 'Highlightr')
    cd /Volumes/SN550-2T/freewind-demos/swiftui-macos-multilanguage-code-editor-demo/build/out/DerivedData/SourcePackages/checkouts/Highlightr
    write-file /Volumes/SN550-2T/freewind-demos/swiftui-macos-multilanguage-code-editor-demo/build/out/DerivedData/Build/Intermediates.noindex/Highlightr.build/Debug/Highlightr.build/Highlightr.DependencyStaticMetadataFileList

WriteAuxiliaryFile /Volumes/SN550-2T/freewind-demos/swiftui-macos-multilanguage-code-editor-demo/build/out/DerivedData/Build/Intermediates.noindex/Highlightr.build/Debug/Highlightr.build/Highlightr.DependencyMetadataFileList (in target 'Highlightr' from project 'Highlightr')
    cd /Volumes/SN550-2T/freewind-demos/swiftui-macos-multilanguage-code-editor-demo/build/out/DerivedData/SourcePackages/checkouts/Highlightr
    write-file /Volumes/SN550-2T/freewind-demos/swiftui-macos-multilanguage-code-editor-demo/build/out/DerivedData/Build/Intermediates.noindex/Highlightr.build/Debug/Highlightr.build/Highlightr.DependencyMetadataFileList

WriteAuxiliaryFile /Volumes/SN550-2T/freewind-demos/swiftui-macos-multilanguage-code-editor-demo/build/out/DerivedData/Build/Intermediates.noindex/CodeEditor.build/Debug/CodeEditor.build/CodeEditor.DependencyStaticMetadataFileList (in target 'CodeEditor' from project 'CodeEditor')
    cd /Volumes/SN550-2T/freewind-demos/swiftui-macos-multilanguage-code-editor-demo/build/out/DerivedData/SourcePackages/checkouts/CodeEditor
    write-file /Volumes/SN550-2T/freewind-demos/swiftui-macos-multilanguage-code-editor-demo/build/out/DerivedData/Build/Intermediates.noindex/CodeEditor.build/Debug/CodeEditor.build/CodeEditor.DependencyStaticMetadataFileList

WriteAuxiliaryFile /Volumes/SN550-2T/freewind-demos/swiftui-macos-multilanguage-code-editor-demo/build/out/DerivedData/Build/Intermediates.noindex/CodeEditor.build/Debug/CodeEditor.build/CodeEditor.DependencyMetadataFileList (in target 'CodeEditor' from project 'CodeEditor')
    cd /Volumes/SN550-2T/freewind-demos/swiftui-macos-multilanguage-code-editor-demo/build/out/DerivedData/SourcePackages/checkouts/CodeEditor
    write-file /Volumes/SN550-2T/freewind-demos/swiftui-macos-multilanguage-code-editor-demo/build/out/DerivedData/Build/Intermediates.noindex/CodeEditor.build/Debug/CodeEditor.build/CodeEditor.DependencyMetadataFileList

WriteAuxiliaryFile /Volumes/SN550-2T/freewind-demos/swiftui-macos-multilanguage-code-editor-demo/build/out/DerivedData/Build/Intermediates.noindex/Highlightr.build/Debug/Highlightr.build/DerivedSources/resource_bundle_accessor.swift (in target 'Highlightr' from project 'Highlightr')
    cd /Volumes/SN550-2T/freewind-demos/swiftui-macos-multilanguage-code-editor-demo/build/out/DerivedData/SourcePackages/checkouts/Highlightr
    write-file /Volumes/SN550-2T/freewind-demos/swiftui-macos-multilanguage-code-editor-demo/build/out/DerivedData/Build/Intermediates.noindex/Highlightr.build/Debug/Highlightr.build/DerivedSources/resource_bundle_accessor.swift

Copy /Volumes/SN550-2T/freewind-demos/swiftui-macos-multilanguage-code-editor-demo/build/out/DerivedData/Build/Intermediates.noindex/GeneratedModuleMaps/CodeEditor.modulemap /Volumes/SN550-2T/freewind-demos/swiftui-macos-multilanguage-code-editor-demo/build/out/DerivedData/Build/Intermediates.noindex/CodeEditor.build/Debug/CodeEditor.build/CodeEditor.modulemap (in target 'CodeEditor' from project 'CodeEditor')
    cd /Volumes/SN550-2T/freewind-demos/swiftui-macos-multilanguage-code-editor-demo/build/out/DerivedData/SourcePackages/checkouts/CodeEditor
    builtin-copy -exclude .DS_Store -exclude CVS -exclude .svn -exclude .git -exclude .hg -resolve-src-symlinks /Volumes/SN550-2T/freewind-demos/swiftui-macos-multilanguage-code-editor-demo/build/out/DerivedData/Build/Intermediates.noindex/CodeEditor.build/Debug/CodeEditor.build/CodeEditor.modulemap /Volumes/SN550-2T/freewind-demos/swiftui-macos-multilanguage-code-editor-demo/build/out/DerivedData/Build/Intermediates.noindex/GeneratedModuleMaps

MkDir /Volumes/SN550-2T/freewind-demos/swiftui-macos-multilanguage-code-editor-demo/build/out/Debug/SwiftUIMultilanguageCodeEditorDemo.app (in target 'SwiftUIMultilanguageCodeEditorDemo' from project 'SwiftUIMultilanguageCodeEditorDemo')
    cd /Volumes/SN550-2T/freewind-demos/swiftui-macos-multilanguage-code-editor-demo
    /bin/mkdir -p /Volumes/SN550-2T/freewind-demos/swiftui-macos-multilanguage-code-editor-demo/build/out/Debug/SwiftUIMultilanguageCodeEditorDemo.app

MkDir /Volumes/SN550-2T/freewind-demos/swiftui-macos-multilanguage-code-editor-demo/build/out/Debug/SwiftUIMultilanguageCodeEditorDemo.app/Contents (in target 'SwiftUIMultilanguageCodeEditorDemo' from project 'SwiftUIMultilanguageCodeEditorDemo')
    cd /Volumes/SN550-2T/freewind-demos/swiftui-macos-multilanguage-code-editor-demo
    /bin/mkdir -p /Volumes/SN550-2T/freewind-demos/swiftui-macos-multilanguage-code-editor-demo/build/out/Debug/SwiftUIMultilanguageCodeEditorDemo.app/Contents

MkDir /Volumes/SN550-2T/freewind-demos/swiftui-macos-multilanguage-code-editor-demo/build/out/Debug/SwiftUIMultilanguageCodeEditorDemo.app/Contents/MacOS (in target 'SwiftUIMultilanguageCodeEditorDemo' from project 'SwiftUIMultilanguageCodeEditorDemo')
    cd /Volumes/SN550-2T/freewind-demos/swiftui-macos-multilanguage-code-editor-demo
    /bin/mkdir -p /Volumes/SN550-2T/freewind-demos/swiftui-macos-multilanguage-code-editor-demo/build/out/Debug/SwiftUIMultilanguageCodeEditorDemo.app/Contents/MacOS

MkDir /Volumes/SN550-2T/freewind-demos/swiftui-macos-multilanguage-code-editor-demo/build/out/Debug/SwiftUIMultilanguageCodeEditorDemo.app/Contents/Resources (in target 'SwiftUIMultilanguageCodeEditorDemo' from project 'SwiftUIMultilanguageCodeEditorDemo')
    cd /Volumes/SN550-2T/freewind-demos/swiftui-macos-multilanguage-code-editor-demo
    /bin/mkdir -p /Volumes/SN550-2T/freewind-demos/swiftui-macos-multilanguage-code-editor-demo/build/out/Debug/SwiftUIMultilanguageCodeEditorDemo.app/Contents/Resources

MkDir /Volumes/SN550-2T/freewind-demos/swiftui-macos-multilanguage-code-editor-demo/build/out/Debug/Highlightr_Highlightr.bundle/Contents (in target 'Highlightr_Highlightr' from project 'Highlightr')
    cd /Volumes/SN550-2T/freewind-demos/swiftui-macos-multilanguage-code-editor-demo/build/out/DerivedData/SourcePackages/checkouts/Highlightr
    /bin/mkdir -p /Volumes/SN550-2T/freewind-demos/swiftui-macos-multilanguage-code-editor-demo/build/out/Debug/Highlightr_Highlightr.bundle/Contents

MkDir /Volumes/SN550-2T/freewind-demos/swiftui-macos-multilanguage-code-editor-demo/build/out/Debug/Highlightr_Highlightr.bundle/Contents/Resources (in target 'Highlightr_Highlightr' from project 'Highlightr')
    cd /Volumes/SN550-2T/freewind-demos/swiftui-macos-multilanguage-code-editor-demo/build/out/DerivedData/SourcePackages/checkouts/Highlightr
    /bin/mkdir -p /Volumes/SN550-2T/freewind-demos/swiftui-macos-multilanguage-code-editor-demo/build/out/Debug/Highlightr_Highlightr.bundle/Contents/Resources

Copy /Volumes/SN550-2T/freewind-demos/swiftui-macos-multilanguage-code-editor-demo/build/out/DerivedData/Build/Intermediates.noindex/GeneratedModuleMaps/Highlightr.modulemap /Volumes/SN550-2T/freewind-demos/swiftui-macos-multilanguage-code-editor-demo/build/out/DerivedData/Build/Intermediates.noindex/Highlightr.build/Debug/Highlightr.build/Highlightr.modulemap (in target 'Highlightr' from project 'Highlightr')
    cd /Volumes/SN550-2T/freewind-demos/swiftui-macos-multilanguage-code-editor-demo/build/out/DerivedData/SourcePackages/checkouts/Highlightr
    builtin-copy -exclude .DS_Store -exclude CVS -exclude .svn -exclude .git -exclude .hg -resolve-src-symlinks /Volumes/SN550-2T/freewind-demos/swiftui-macos-multilanguage-code-editor-demo/build/out/DerivedData/Build/Intermediates.noindex/Highlightr.build/Debug/Highlightr.build/Highlightr.modulemap /Volumes/SN550-2T/freewind-demos/swiftui-macos-multilanguage-code-editor-demo/build/out/DerivedData/Build/Intermediates.noindex/GeneratedModuleMaps

MkDir /Volumes/SN550-2T/freewind-demos/swiftui-macos-multilanguage-code-editor-demo/build/out/Debug/Highlightr_Highlightr.bundle (in target 'Highlightr_Highlightr' from project 'Highlightr')
    cd /Volumes/SN550-2T/freewind-demos/swiftui-macos-multilanguage-code-editor-demo/build/out/DerivedData/SourcePackages/checkouts/Highlightr
    /bin/mkdir -p /Volumes/SN550-2T/freewind-demos/swiftui-macos-multilanguage-code-editor-demo/build/out/Debug/Highlightr_Highlightr.bundle

ProcessInfoPlistFile /Volumes/SN550-2T/freewind-demos/swiftui-macos-multilanguage-code-editor-demo/build/out/Debug/Highlightr_Highlightr.bundle/Contents/Info.plist /Volumes/SN550-2T/freewind-demos/swiftui-macos-multilanguage-code-editor-demo/build/out/DerivedData/Build/Intermediates.noindex/Highlightr.build/Debug/Highlightr_Highlightr.build/empty-Highlightr_Highlightr.plist (in target 'Highlightr_Highlightr' from project 'Highlightr')
    cd /Volumes/SN550-2T/freewind-demos/swiftui-macos-multilanguage-code-editor-demo/build/out/DerivedData/SourcePackages/checkouts/Highlightr
    builtin-infoPlistUtility /Volumes/SN550-2T/freewind-demos/swiftui-macos-multilanguage-code-editor-demo/build/out/DerivedData/Build/Intermediates.noindex/Highlightr.build/Debug/Highlightr_Highlightr.build/empty-Highlightr_Highlightr.plist -producttype com.apple.product-type.bundle -expandbuildsettings -platform macosx -o /Volumes/SN550-2T/freewind-demos/swiftui-macos-multilanguage-code-editor-demo/build/out/Debug/Highlightr_Highlightr.bundle/Contents/Info.plist

CpResource /Volumes/SN550-2T/freewind-demos/swiftui-macos-multilanguage-code-editor-demo/build/out/Debug/Highlightr_Highlightr.bundle/Contents/Resources/zenburn.min.css /Volumes/SN550-2T/freewind-demos/swiftui-macos-multilanguage-code-editor-demo/build/out/DerivedData/SourcePackages/checkouts/Highlightr/Pod/Assets/styles/zenburn.min.css (in target 'Highlightr_Highlightr' from project 'Highlightr')
    cd /Volumes/SN550-2T/freewind-demos/swiftui-macos-multilanguage-code-editor-demo/build/out/DerivedData/SourcePackages/checkouts/Highlightr
    builtin-copy -exclude .DS_Store -exclude CVS -exclude .svn -exclude .git -exclude .hg -resolve-src-symlinks /Volumes/SN550-2T/freewind-demos/swiftui-macos-multilanguage-code-editor-demo/build/out/DerivedData/SourcePackages/checkouts/Highlightr/Pod/Assets/styles/zenburn.min.css /Volumes/SN550-2T/freewind-demos/swiftui-macos-multilanguage-code-editor-demo/build/out/Debug/Highlightr_Highlightr.bundle/Contents/Resources

CpResource /Volumes/SN550-2T/freewind-demos/swiftui-macos-multilanguage-code-editor-demo/build/out/Debug/Highlightr_Highlightr.bundle/Contents/Resources/xt256.min.css /Volumes/SN550-2T/freewind-demos/swiftui-macos-multilanguage-code-editor-demo/build/out/DerivedData/SourcePackages/checkouts/Highlightr/Pod/Assets/styles/xt256.min.css (in target 'Highlightr_Highlightr' from project 'Highlightr')
    cd /Volumes/SN550-2T/freewind-demos/swiftui-macos-multilanguage-code-editor-demo/build/out/DerivedData/SourcePackages/checkouts/Highlightr
    builtin-copy -exclude .DS_Store -exclude CVS -exclude .svn -exclude .git -exclude .hg -resolve-src-symlinks /Volumes/SN550-2T/freewind-demos/swiftui-macos-multilanguage-code-editor-demo/build/out/DerivedData/SourcePackages/checkouts/Highlightr/Pod/Assets/styles/xt256.min.css /Volumes/SN550-2T/freewind-demos/swiftui-macos-multilanguage-code-editor-demo/build/out/Debug/Highlightr_Highlightr.bundle/Contents/Resources

CpResource /Volumes/SN550-2T/freewind-demos/swiftui-macos-multilanguage-code-editor-demo/build/out/Debug/Highlightr_Highlightr.bundle/Contents/Resources/xcode.min.css /Volumes/SN550-2T/freewind-demos/swiftui-macos-multilanguage-code-editor-demo/build/out/DerivedData/SourcePackages/checkouts/Highlightr/Pod/Assets/styles/xcode.min.css (in target 'Highlightr_Highlightr' from project 'Highlightr')
    cd /Volumes/SN550-2T/freewind-demos/swiftui-macos-multilanguage-code-editor-demo/build/out/DerivedData/SourcePackages/checkouts/Highlightr
    builtin-copy -exclude .DS_Store -exclude CVS -exclude .svn -exclude .git -exclude .hg -resolve-src-symlinks /Volumes/SN550-2T/freewind-demos/swiftui-macos-multilanguage-code-editor-demo/build/out/DerivedData/SourcePackages/checkouts/Highlightr/Pod/Assets/styles/xcode.min.css /Volumes/SN550-2T/freewind-demos/swiftui-macos-multilanguage-code-editor-demo/build/out/Debug/Highlightr_Highlightr.bundle/Contents/Resources

CpResource /Volumes/SN550-2T/freewind-demos/swiftui-macos-multilanguage-code-editor-demo/build/out/Debug/Highlightr_Highlightr.bundle/Contents/Resources/xcode-dark.min.css /Volumes/SN550-2T/freewind-demos/swiftui-macos-multilanguage-code-editor-demo/build/out/DerivedData/SourcePackages/checkouts/Highlightr/Pod/Assets/styles/xcode-dark.min.css (in target 'Highlightr_Highlightr' from project 'Highlightr')
    cd /Volumes/SN550-2T/freewind-demos/swiftui-macos-multilanguage-code-editor-demo/build/out/DerivedData/SourcePackages/checkouts/Highlightr
    builtin-copy -exclude .DS_Store -exclude CVS -exclude .svn -exclude .git -exclude .hg -resolve-src-symlinks /Volumes/SN550-2T/freewind-demos/swiftui-macos-multilanguage-code-editor-demo/build/out/DerivedData/SourcePackages/checkouts/Highlightr/Pod/Assets/styles/xcode-dark.min.css /Volumes/SN550-2T/freewind-demos/swiftui-macos-multilanguage-code-editor-demo/build/out/Debug/Highlightr_Highlightr.bundle/Contents/Resources

CpResource /Volumes/SN550-2T/freewind-demos/swiftui-macos-multilanguage-code-editor-demo/build/out/Debug/Highlightr_Highlightr.bundle/Contents/Resources/vs2015.min.css /Volumes/SN550-2T/freewind-demos/swiftui-macos-multilanguage-code-editor-demo/build/out/DerivedData/SourcePackages/checkouts/Highlightr/Pod/Assets/styles/vs2015.min.css (in target 'Highlightr_Highlightr' from project 'Highlightr')
    cd /Volumes/SN550-2T/freewind-demos/swiftui-macos-multilanguage-code-editor-demo/build/out/DerivedData/SourcePackages/checkouts/Highlightr
    builtin-copy -exclude .DS_Store -exclude CVS -exclude .svn -exclude .git -exclude .hg -resolve-src-symlinks /Volumes/SN550-2T/freewind-demos/swiftui-macos-multilanguage-code-editor-demo/build/out/DerivedData/SourcePackages/checkouts/Highlightr/Pod/Assets/styles/vs2015.min.css /Volumes/SN550-2T/freewind-demos/swiftui-macos-multilanguage-code-editor-demo/build/out/Debug/Highlightr_Highlightr.bundle/Contents/Resources

CpResource /Volumes/SN550-2T/freewind-demos/swiftui-macos-multilanguage-code-editor-demo/build/out/Debug/Highlightr_Highlightr.bundle/Contents/Resources/vs.min.css /Volumes/SN550-2T/freewind-demos/swiftui-macos-multilanguage-code-editor-demo/build/out/DerivedData/SourcePackages/checkouts/Highlightr/Pod/Assets/styles/vs.min.css (in target 'Highlightr_Highlightr' from project 'Highlightr')
    cd /Volumes/SN550-2T/freewind-demos/swiftui-macos-multilanguage-code-editor-demo/build/out/DerivedData/SourcePackages/checkouts/Highlightr
    builtin-copy -exclude .DS_Store -exclude CVS -exclude .svn -exclude .git -exclude .hg -resolve-src-symlinks /Volumes/SN550-2T/freewind-demos/swiftui-macos-multilanguage-code-editor-demo/build/out/DerivedData/SourcePackages/checkouts/Highlightr/Pod/Assets/styles/vs.min.css /Volumes/SN550-2T/freewind-demos/swiftui-macos-multilanguage-code-editor-demo/build/out/Debug/Highlightr_Highlightr.bundle/Contents/Resources

CpResource /Volumes/SN550-2T/freewind-demos/swiftui-macos-multilanguage-code-editor-demo/build/out/Debug/Highlightr_Highlightr.bundle/Contents/Resources/tomorrow.min.css /Volumes/SN550-2T/freewind-demos/swiftui-macos-multilanguage-code-editor-demo/build/out/DerivedData/SourcePackages/checkouts/Highlightr/Pod/Assets/styles/tomorrow.min.css (in target 'Highlightr_Highlightr' from project 'Highlightr')
    cd /Volumes/SN550-2T/freewind-demos/swiftui-macos-multilanguage-code-editor-demo/build/out/DerivedData/SourcePackages/checkouts/Highlightr
    builtin-copy -exclude .DS_Store -exclude CVS -exclude .svn -exclude .git -exclude .hg -resolve-src-symlinks /Volumes/SN550-2T/freewind-demos/swiftui-macos-multilanguage-code-editor-demo/build/out/DerivedData/SourcePackages/checkouts/Highlightr/Pod/Assets/styles/tomorrow.min.css /Volumes/SN550-2T/freewind-demos/swiftui-macos-multilanguage-code-editor-demo/build/out/Debug/Highlightr_Highlightr.bundle/Contents/Resources

CpResource /Volumes/SN550-2T/freewind-demos/swiftui-macos-multilanguage-code-editor-demo/build/out/Debug/Highlightr_Highlightr.bundle/Contents/Resources/tomorrow-night.min.css /Volumes/SN550-2T/freewind-demos/swiftui-macos-multilanguage-code-editor-demo/build/out/DerivedData/SourcePackages/checkouts/Highlightr/Pod/Assets/styles/tomorrow-night.min.css (in target 'Highlightr_Highlightr' from project 'Highlightr')
    cd /Volumes/SN550-2T/freewind-demos/swiftui-macos-multilanguage-code-editor-demo/build/out/DerivedData/SourcePackages/checkouts/Highlightr
    builtin-copy -exclude .DS_Store -exclude CVS -exclude .svn -exclude .git -exclude .hg -resolve-src-symlinks /Volumes/SN550-2T/freewind-demos/swiftui-macos-multilanguage-code-editor-demo/build/out/DerivedData/SourcePackages/checkouts/Highlightr/Pod/Assets/styles/tomorrow-night.min.css /Volumes/SN550-2T/freewind-demos/swiftui-macos-multilanguage-code-editor-demo/build/out/Debug/Highlightr_Highlightr.bundle/Contents/Resources

CpResource /Volumes/SN550-2T/freewind-demos/swiftui-macos-multilanguage-code-editor-demo/build/out/Debug/Highlightr_Highlightr.bundle/Contents/Resources/tomorrow-night-bright.min.css /Volumes/SN550-2T/freewind-demos/swiftui-macos-multilanguage-code-editor-demo/build/out/DerivedData/SourcePackages/checkouts/Highlightr/Pod/Assets/styles/tomorrow-night-bright.min.css (in target 'Highlightr_Highlightr' from project 'Highlightr')
    cd /Volumes/SN550-2T/freewind-demos/swiftui-macos-multilanguage-code-editor-demo/build/out/DerivedData/SourcePackages/checkouts/Highlightr
    builtin-copy -exclude .DS_Store -exclude CVS -exclude .svn -exclude .git -exclude .hg -resolve-src-symlinks /Volumes/SN550-2T/freewind-demos/swiftui-macos-multilanguage-code-editor-demo/build/out/DerivedData/SourcePackages/checkouts/Highlightr/Pod/Assets/styles/tomorrow-night-bright.min.css /Volumes/SN550-2T/freewind-demos/swiftui-macos-multilanguage-code-editor-demo/build/out/Debug/Highlightr_Highlightr.bundle/Contents/Resources

CpResource /Volumes/SN550-2T/freewind-demos/swiftui-macos-multilanguage-code-editor-demo/build/out/Debug/Highlightr_Highlightr.bundle/Contents/Resources/tomorrow-night-eighties.min.css /Volumes/SN550-2T/freewind-demos/swiftui-macos-multilanguage-code-editor-demo/build/out/DerivedData/SourcePackages/checkouts/Highlightr/Pod/Assets/styles/tomorrow-night-eighties.min.css (in target 'Highlightr_Highlightr' from project 'Highlightr')
    cd /Volumes/SN550-2T/freewind-demos/swiftui-macos-multilanguage-code-editor-demo/build/out/DerivedData/SourcePackages/checkouts/Highlightr
    builtin-copy -exclude .DS_Store -exclude CVS -exclude .svn -exclude .git -exclude .hg -resolve-src-symlinks /Volumes/SN550-2T/freewind-demos/swiftui-macos-multilanguage-code-editor-demo/build/out/DerivedData/SourcePackages/checkouts/Highlightr/Pod/Assets/styles/tomorrow-night-eighties.min.css /Volumes/SN550-2T/freewind-demos/swiftui-macos-multilanguage-code-editor-demo/build/out/Debug/Highlightr_Highlightr.bundle/Contents/Resources

CpResource /Volumes/SN550-2T/freewind-demos/swiftui-macos-multilanguage-code-editor-demo/build/out/Debug/Highlightr_Highlightr.bundle/Contents/Resources/tomorrow-night-blue.min.css /Volumes/SN550-2T/freewind-demos/swiftui-macos-multilanguage-code-editor-demo/build/out/DerivedData/SourcePackages/checkouts/Highlightr/Pod/Assets/styles/tomorrow-night-blue.min.css (in target 'Highlightr_Highlightr' from project 'Highlightr')
    cd /Volumes/SN550-2T/freewind-demos/swiftui-macos-multilanguage-code-editor-demo/build/out/DerivedData/SourcePackages/checkouts/Highlightr
    builtin-copy -exclude .DS_Store -exclude CVS -exclude .svn -exclude .git -exclude .hg -resolve-src-symlinks /Volumes/SN550-2T/freewind-demos/swiftui-macos-multilanguage-code-editor-demo/build/out/DerivedData/SourcePackages/checkouts/Highlightr/Pod/Assets/styles/tomorrow-night-blue.min.css /Volumes/SN550-2T/freewind-demos/swiftui-macos-multilanguage-code-editor-demo/build/out/Debug/Highlightr_Highlightr.bundle/Contents/Resources

CpResource /Volumes/SN550-2T/freewind-demos/swiftui-macos-multilanguage-code-editor-demo/build/out/Debug/Highlightr_Highlightr.bundle/Contents/Resources/sunburst.min.css /Volumes/SN550-2T/freewind-demos/swiftui-macos-multilanguage-code-editor-demo/build/out/DerivedData/SourcePackages/checkouts/Highlightr/Pod/Assets/styles/sunburst.min.css (in target 'Highlightr_Highlightr' from project 'Highlightr')
    cd /Volumes/SN550-2T/freewind-demos/swiftui-macos-multilanguage-code-editor-demo/build/out/DerivedData/SourcePackages/checkouts/Highlightr
    builtin-copy -exclude .DS_Store -exclude CVS -exclude .svn -exclude .git -exclude .hg -resolve-src-symlinks /Volumes/SN550-2T/freewind-demos/swiftui-macos-multilanguage-code-editor-demo/build/out/DerivedData/SourcePackages/checkouts/Highlightr/Pod/Assets/styles/sunburst.min.css /Volumes/SN550-2T/freewind-demos/swiftui-macos-multilanguage-code-editor-demo/build/out/Debug/Highlightr_Highlightr.bundle/Contents/Resources

CpResource /Volumes/SN550-2T/freewind-demos/swiftui-macos-multilanguage-code-editor-demo/build/out/Debug/Highlightr_Highlightr.bundle/Contents/Resources/solarized-light.min.css /Volumes/SN550-2T/freewind-demos/swiftui-macos-multilanguage-code-editor-demo/build/out/DerivedData/SourcePackages/checkouts/Highlightr/Pod/Assets/styles/solarized-light.min.css (in target 'Highlightr_Highlightr' from project 'Highlightr')
    cd /Volumes/SN550-2T/freewind-demos/swiftui-macos-multilanguage-code-editor-demo/build/out/DerivedData/SourcePackages/checkouts/Highlightr
    builtin-copy -exclude .DS_Store -exclude CVS -exclude .svn -exclude .git -exclude .hg -resolve-src-symlinks /Volumes/SN550-2T/freewind-demos/swiftui-macos-multilanguage-code-editor-demo/build/out/DerivedData/SourcePackages/checkouts/Highlightr/Pod/Assets/styles/solarized-light.min.css /Volumes/SN550-2T/freewind-demos/swiftui-macos-multilanguage-code-editor-demo/build/out/Debug/Highlightr_Highlightr.bundle/Contents/Resources

CpResource /Volumes/SN550-2T/freewind-demos/swiftui-macos-multilanguage-code-editor-demo/build/out/Debug/Highlightr_Highlightr.bundle/Contents/Resources/solarized-dark.min.css /Volumes/SN550-2T/freewind-demos/swiftui-macos-multilanguage-code-editor-demo/build/out/DerivedData/SourcePackages/checkouts/Highlightr/Pod/Assets/styles/solarized-dark.min.css (in target 'Highlightr_Highlightr' from project 'Highlightr')
    cd /Volumes/SN550-2T/freewind-demos/swiftui-macos-multilanguage-code-editor-demo/build/out/DerivedData/SourcePackages/checkouts/Highlightr
    builtin-copy -exclude .DS_Store -exclude CVS -exclude .svn -exclude .git -exclude .hg -resolve-src-symlinks /Volumes/SN550-2T/freewind-demos/swiftui-macos-multilanguage-code-editor-demo/build/out/DerivedData/SourcePackages/checkouts/Highlightr/Pod/Assets/styles/solarized-dark.min.css /Volumes/SN550-2T/freewind-demos/swiftui-macos-multilanguage-code-editor-demo/build/out/Debug/Highlightr_Highlightr.bundle/Contents/Resources

CpResource /Volumes/SN550-2T/freewind-demos/swiftui-macos-multilanguage-code-editor-demo/build/out/Debug/Highlightr_Highlightr.bundle/Contents/Resources/shades-of-purple.min.css /Volumes/SN550-2T/freewind-demos/swiftui-macos-multilanguage-code-editor-demo/build/out/DerivedData/SourcePackages/checkouts/Highlightr/Pod/Assets/styles/shades-of-purple.min.css (in target 'Highlightr_Highlightr' from project 'Highlightr')
    cd /Volumes/SN550-2T/freewind-demos/swiftui-macos-multilanguage-code-editor-demo/build/out/DerivedData/SourcePackages/checkouts/Highlightr
    builtin-copy -exclude .DS_Store -exclude CVS -exclude .svn -exclude .git -exclude .hg -resolve-src-symlinks /Volumes/SN550-2T/freewind-demos/swiftui-macos-multilanguage-code-editor-demo/build/out/DerivedData/SourcePackages/checkouts/Highlightr/Pod/Assets/styles/shades-of-purple.min.css /Volumes/SN550-2T/freewind-demos/swiftui-macos-multilanguage-code-editor-demo/build/out/Debug/Highlightr_Highlightr.bundle/Contents/Resources

CpResource /Volumes/SN550-2T/freewind-demos/swiftui-macos-multilanguage-code-editor-demo/build/out/Debug/Highlightr_Highlightr.bundle/Contents/Resources/school-book.min.css /Volumes/SN550-2T/freewind-demos/swiftui-macos-multilanguage-code-editor-demo/build/out/DerivedData/SourcePackages/checkouts/Highlightr/Pod/Assets/styles/school-book.min.css (in target 'Highlightr_Highlightr' from project 'Highlightr')
    cd /Volumes/SN550-2T/freewind-demos/swiftui-macos-multilanguage-code-editor-demo/build/out/DerivedData/SourcePackages/checkouts/Highlightr
    builtin-copy -exclude .DS_Store -exclude CVS -exclude .svn -exclude .git -exclude .hg -resolve-src-symlinks /Volumes/SN550-2T/freewind-demos/swiftui-macos-multilanguage-code-editor-demo/build/out/DerivedData/SourcePackages/checkouts/Highlightr/Pod/Assets/styles/school-book.min.css /Volumes/SN550-2T/freewind-demos/swiftui-macos-multilanguage-code-editor-demo/build/out/Debug/Highlightr_Highlightr.bundle/Contents/Resources

CpResource /Volumes/SN550-2T/freewind-demos/swiftui-macos-multilanguage-code-editor-demo/build/out/Debug/Highlightr_Highlightr.bundle/Contents/Resources/rainbow.min.css /Volumes/SN550-2T/freewind-demos/swiftui-macos-multilanguage-code-editor-demo/build/out/DerivedData/SourcePackages/checkouts/Highlightr/Pod/Assets/styles/rainbow.min.css (in target 'Highlightr_Highlightr' from project 'Highlightr')
    cd /Volumes/SN550-2T/freewind-demos/swiftui-macos-multilanguage-code-editor-demo/build/out/DerivedData/SourcePackages/checkouts/Highlightr
    builtin-copy -exclude .DS_Store -exclude CVS -exclude .svn -exclude .git -exclude .hg -resolve-src-symlinks /Volumes/SN550-2T/freewind-demos/swiftui-macos-multilanguage-code-editor-demo/build/out/DerivedData/SourcePackages/checkouts/Highlightr/Pod/Assets/styles/rainbow.min.css /Volumes/SN550-2T/freewind-demos/swiftui-macos-multilanguage-code-editor-demo/build/out/Debug/Highlightr_Highlightr.bundle/Contents/Resources

CpResource /Volumes/SN550-2T/freewind-demos/swiftui-macos-multilanguage-code-editor-demo/build/out/Debug/Highlightr_Highlightr.bundle/Contents/Resources/railscasts.min.css /Volumes/SN550-2T/freewind-demos/swiftui-macos-multilanguage-code-editor-demo/build/out/DerivedData/SourcePackages/checkouts/Highlightr/Pod/Assets/styles/railscasts.min.css (in target 'Highlightr_Highlightr' from project 'Highlightr')
    cd /Volumes/SN550-2T/freewind-demos/swiftui-macos-multilanguage-code-editor-demo/build/out/DerivedData/SourcePackages/checkouts/Highlightr
    builtin-copy -exclude .DS_Store -exclude CVS -exclude .svn -exclude .git -exclude .hg -resolve-src-symlinks /Volumes/SN550-2T/freewind-demos/swiftui-macos-multilanguage-code-editor-demo/build/out/DerivedData/SourcePackages/checkouts/Highlightr/Pod/Assets/styles/railscasts.min.css /Volumes/SN550-2T/freewind-demos/swiftui-macos-multilanguage-code-editor-demo/build/out/Debug/Highlightr_Highlightr.bundle/Contents/Resources

CpResource /Volumes/SN550-2T/freewind-demos/swiftui-macos-multilanguage-code-editor-demo/build/out/Debug/Highlightr_Highlightr.bundle/Contents/Resources/routeros.min.css /Volumes/SN550-2T/freewind-demos/swiftui-macos-multilanguage-code-editor-demo/build/out/DerivedData/SourcePackages/checkouts/Highlightr/Pod/Assets/styles/routeros.min.css (in target 'Highlightr_Highlightr' from project 'Highlightr')
    cd /Volumes/SN550-2T/freewind-demos/swiftui-macos-multilanguage-code-editor-demo/build/out/DerivedData/SourcePackages/checkouts/Highlightr
    builtin-copy -exclude .DS_Store -exclude CVS -exclude .svn -exclude .git -exclude .hg -resolve-src-symlinks /Volumes/SN550-2T/freewind-demos/swiftui-macos-multilanguage-code-editor-demo/build/out/DerivedData/SourcePackages/checkouts/Highlightr/Pod/Assets/styles/routeros.min.css /Volumes/SN550-2T/freewind-demos/swiftui-macos-multilanguage-code-editor-demo/build/out/Debug/Highlightr_Highlightr.bundle/Contents/Resources

CpResource /Volumes/SN550-2T/freewind-demos/swiftui-macos-multilanguage-code-editor-demo/build/out/Debug/Highlightr_Highlightr.bundle/Contents/Resources/qtcreator_light.min.css /Volumes/SN550-2T/freewind-demos/swiftui-macos-multilanguage-code-editor-demo/build/out/DerivedData/SourcePackages/checkouts/Highlightr/Pod/Assets/styles/qtcreator_light.min.css (in target 'Highlightr_Highlightr' from project 'Highlightr')
    cd /Volumes/SN550-2T/freewind-demos/swiftui-macos-multilanguage-code-editor-demo/build/out/DerivedData/SourcePackages/checkouts/Highlightr
    builtin-copy -exclude .DS_Store -exclude CVS -exclude .svn -exclude .git -exclude .hg -resolve-src-symlinks /Volumes/SN550-2T/freewind-demos/swiftui-macos-multilanguage-code-editor-demo/build/out/DerivedData/SourcePackages/checkouts/Highlightr/Pod/Assets/styles/qtcreator_light.min.css /Volumes/SN550-2T/freewind-demos/swiftui-macos-multilanguage-code-editor-demo/build/out/Debug/Highlightr_Highlightr.bundle/Contents/Resources

CpResource /Volumes/SN550-2T/freewind-demos/swiftui-macos-multilanguage-code-editor-demo/build/out/Debug/Highlightr_Highlightr.bundle/Contents/Resources/qtcreator_dark.min.css /Volumes/SN550-2T/freewind-demos/swiftui-macos-multilanguage-code-editor-demo/build/out/DerivedData/SourcePackages/checkouts/Highlightr/Pod/Assets/styles/qtcreator_dark.min.css (in target 'Highlightr_Highlightr' from project 'Highlightr')
    cd /Volumes/SN550-2T/freewind-demos/swiftui-macos-multilanguage-code-editor-demo/build/out/DerivedData/SourcePackages/checkouts/Highlightr
    builtin-copy -exclude .DS_Store -exclude CVS -exclude .svn -exclude .git -exclude .hg -resolve-src-symlinks /Volumes/SN550-2T/freewind-demos/swiftui-macos-multilanguage-code-editor-demo/build/out/DerivedData/SourcePackages/checkouts/Highlightr/Pod/Assets/styles/qtcreator_dark.min.css /Volumes/SN550-2T/freewind-demos/swiftui-macos-multilanguage-code-editor-demo/build/out/Debug/Highlightr_Highlightr.bundle/Contents/Resources

CpResource /Volumes/SN550-2T/freewind-demos/swiftui-macos-multilanguage-code-editor-demo/build/out/Debug/Highlightr_Highlightr.bundle/Contents/Resources/purebasic.min.css /Volumes/SN550-2T/freewind-demos/swiftui-macos-multilanguage-code-editor-demo/build/out/DerivedData/SourcePackages/checkouts/Highlightr/Pod/Assets/styles/purebasic.min.css (in target 'Highlightr_Highlightr' from project 'Highlightr')
    cd /Volumes/SN550-2T/freewind-demos/swiftui-macos-multilanguage-code-editor-demo/build/out/DerivedData/SourcePackages/checkouts/Highlightr
    builtin-copy -exclude .DS_Store -exclude CVS -exclude .svn -exclude .git -exclude .hg -resolve-src-symlinks /Volumes/SN550-2T/freewind-demos/swiftui-macos-multilanguage-code-editor-demo/build/out/DerivedData/SourcePackages/checkouts/Highlightr/Pod/Assets/styles/purebasic.min.css /Volumes/SN550-2T/freewind-demos/swiftui-macos-multilanguage-code-editor-demo/build/out/Debug/Highlightr_Highlightr.bundle/Contents/Resources

CpResource /Volumes/SN550-2T/freewind-demos/swiftui-macos-multilanguage-code-editor-demo/build/out/Debug/Highlightr_Highlightr.bundle/Contents/Resources/pojoaque.min.css /Volumes/SN550-2T/freewind-demos/swiftui-macos-multilanguage-code-editor-demo/build/out/DerivedData/SourcePackages/checkouts/Highlightr/Pod/Assets/styles/pojoaque.min.css (in target 'Highlightr_Highlightr' from project 'Highlightr')
    cd /Volumes/SN550-2T/freewind-demos/swiftui-macos-multilanguage-code-editor-demo/build/out/DerivedData/SourcePackages/checkouts/Highlightr
    builtin-copy -exclude .DS_Store -exclude CVS -exclude .svn -exclude .git -exclude .hg -resolve-src-symlinks /Volumes/SN550-2T/freewind-demos/swiftui-macos-multilanguage-code-editor-demo/build/out/DerivedData/SourcePackages/checkouts/Highlightr/Pod/Assets/styles/pojoaque.min.css /Volumes/SN550-2T/freewind-demos/swiftui-macos-multilanguage-code-editor-demo/build/out/Debug/Highlightr_Highlightr.bundle/Contents/Resources

CpResource /Volumes/SN550-2T/freewind-demos/swiftui-macos-multilanguage-code-editor-demo/build/out/Debug/Highlightr_Highlightr.bundle/Contents/Resources/paraiso-light.min.css /Volumes/SN550-2T/freewind-demos/swiftui-macos-multilanguage-code-editor-demo/build/out/DerivedData/SourcePackages/checkouts/Highlightr/Pod/Assets/styles/paraiso-light.min.css (in target 'Highlightr_Highlightr' from project 'Highlightr')
    cd /Volumes/SN550-2T/freewind-demos/swiftui-macos-multilanguage-code-editor-demo/build/out/DerivedData/SourcePackages/checkouts/Highlightr
    builtin-copy -exclude .DS_Store -exclude CVS -exclude .svn -exclude .git -exclude .hg -resolve-src-symlinks /Volumes/SN550-2T/freewind-demos/swiftui-macos-multilanguage-code-editor-demo/build/out/DerivedData/SourcePackages/checkouts/Highlightr/Pod/Assets/styles/paraiso-light.min.css /Volumes/SN550-2T/freewind-demos/swiftui-macos-multilanguage-code-editor-demo/build/out/Debug/Highlightr_Highlightr.bundle/Contents/Resources

CpResource /Volumes/SN550-2T/freewind-demos/swiftui-macos-multilanguage-code-editor-demo/build/out/Debug/Highlightr_Highlightr.bundle/Contents/Resources/paraiso-dark.min.css /Volumes/SN550-2T/freewind-demos/swiftui-macos-multilanguage-code-editor-demo/build/out/DerivedData/SourcePackages/checkouts/Highlightr/Pod/Assets/styles/paraiso-dark.min.css (in target 'Highlightr_Highlightr' from project 'Highlightr')
    cd /Volumes/SN550-2T/freewind-demos/swiftui-macos-multilanguage-code-editor-demo/build/out/DerivedData/SourcePackages/checkouts/Highlightr
    builtin-copy -exclude .DS_Store -exclude CVS -exclude .svn -exclude .git -exclude .hg -resolve-src-symlinks /Volumes/SN550-2T/freewind-demos/swiftui-macos-multilanguage-code-editor-demo/build/out/DerivedData/SourcePackages/checkouts/Highlightr/Pod/Assets/styles/paraiso-dark.min.css /Volumes/SN550-2T/freewind-demos/swiftui-macos-multilanguage-code-editor-demo/build/out/Debug/Highlightr_Highlightr.bundle/Contents/Resources

CpResource /Volumes/SN550-2T/freewind-demos/swiftui-macos-multilanguage-code-editor-demo/build/out/Debug/Highlightr_Highlightr.bundle/Contents/Resources/ocean.min.css /Volumes/SN550-2T/freewind-demos/swiftui-macos-multilanguage-code-editor-demo/build/out/DerivedData/SourcePackages/checkouts/Highlightr/Pod/Assets/styles/ocean.min.css (in target 'Highlightr_Highlightr' from project 'Highlightr')
    cd /Volumes/SN550-2T/freewind-demos/swiftui-macos-multilanguage-code-editor-demo/build/out/DerivedData/SourcePackages/checkouts/Highlightr
    builtin-copy -exclude .DS_Store -exclude CVS -exclude .svn -exclude .git -exclude .hg -resolve-src-symlinks /Volumes/SN550-2T/freewind-demos/swiftui-macos-multilanguage-code-editor-demo/build/out/DerivedData/SourcePackages/checkouts/Highlightr/Pod/Assets/styles/ocean.min.css /Volumes/SN550-2T/freewind-demos/swiftui-macos-multilanguage-code-editor-demo/build/out/Debug/Highlightr_Highlightr.bundle/Contents/Resources

CpResource /Volumes/SN550-2T/freewind-demos/swiftui-macos-multilanguage-code-editor-demo/build/out/Debug/Highlightr_Highlightr.bundle/Contents/Resources/obsidian.min.css /Volumes/SN550-2T/freewind-demos/swiftui-macos-multilanguage-code-editor-demo/build/out/DerivedData/SourcePackages/checkouts/Highlightr/Pod/Assets/styles/obsidian.min.css (in target 'Highlightr_Highlightr' from project 'Highlightr')
    cd /Volumes/SN550-2T/freewind-demos/swiftui-macos-multilanguage-code-editor-demo/build/out/DerivedData/SourcePackages/checkouts/Highlightr
    builtin-copy -exclude .DS_Store -exclude CVS -exclude .svn -exclude .git -exclude .hg -resolve-src-symlinks /Volumes/SN550-2T/freewind-demos/swiftui-macos-multilanguage-code-editor-demo/build/out/DerivedData/SourcePackages/checkouts/Highlightr/Pod/Assets/styles/obsidian.min.css /Volumes/SN550-2T/freewind-demos/swiftui-macos-multilanguage-code-editor-demo/build/out/Debug/Highlightr_Highlightr.bundle/Contents/Resources

CpResource /Volumes/SN550-2T/freewind-demos/swiftui-macos-multilanguage-code-editor-demo/build/out/Debug/Highlightr_Highlightr.bundle/Contents/Resources/nord.min.css /Volumes/SN550-2T/freewind-demos/swiftui-macos-multilanguage-code-editor-demo/build/out/DerivedData/SourcePackages/checkouts/Highlightr/Pod/Assets/styles/nord.min.css (in target 'Highlightr_Highlightr' from project 'Highlightr')
    cd /Volumes/SN550-2T/freewind-demos/swiftui-macos-multilanguage-code-editor-demo/build/out/DerivedData/SourcePackages/checkouts/Highlightr
    builtin-copy -exclude .DS_Store -exclude CVS -exclude .svn -exclude .git -exclude .hg -resolve-src-symlinks /Volumes/SN550-2T/freewind-demos/swiftui-macos-multilanguage-code-editor-demo/build/out/DerivedData/SourcePackages/checkouts/Highlightr/Pod/Assets/styles/nord.min.css /Volumes/SN550-2T/freewind-demos/swiftui-macos-multilanguage-code-editor-demo/build/out/Debug/Highlightr_Highlightr.bundle/Contents/Resources

CpResource /Volumes/SN550-2T/freewind-demos/swiftui-macos-multilanguage-code-editor-demo/build/out/Debug/Highlightr_Highlightr.bundle/Contents/Resources/monokai.min.css /Volumes/SN550-2T/freewind-demos/swiftui-macos-multilanguage-code-editor-demo/build/out/DerivedData/SourcePackages/checkouts/Highlightr/Pod/Assets/styles/monokai.min.css (in target 'Highlightr_Highlightr' from project 'Highlightr')
    cd /Volumes/SN550-2T/freewind-demos/swiftui-macos-multilanguage-code-editor-demo/build/out/DerivedData/SourcePackages/checkouts/Highlightr
    builtin-copy -exclude .DS_Store -exclude CVS -exclude .svn -exclude .git -exclude .hg -resolve-src-symlinks /Volumes/SN550-2T/freewind-demos/swiftui-macos-multilanguage-code-editor-demo/build/out/DerivedData/SourcePackages/checkouts/Highlightr/Pod/Assets/styles/monokai.min.css /Volumes/SN550-2T/freewind-demos/swiftui-macos-multilanguage-code-editor-demo/build/out/Debug/Highlightr_Highlightr.bundle/Contents/Resources

CpResource /Volumes/SN550-2T/freewind-demos/swiftui-macos-multilanguage-code-editor-demo/build/out/Debug/Highlightr_Highlightr.bundle/Contents/Resources/monokai-sublime.min.css /Volumes/SN550-2T/freewind-demos/swiftui-macos-multilanguage-code-editor-demo/build/out/DerivedData/SourcePackages/checkouts/Highlightr/Pod/Assets/styles/monokai-sublime.min.css (in target 'Highlightr_Highlightr' from project 'Highlightr')
    cd /Volumes/SN550-2T/freewind-demos/swiftui-macos-multilanguage-code-editor-demo/build/out/DerivedData/SourcePackages/checkouts/Highlightr
    builtin-copy -exclude .DS_Store -exclude CVS -exclude .svn -exclude .git -exclude .hg -resolve-src-symlinks /Volumes/SN550-2T/freewind-demos/swiftui-macos-multilanguage-code-editor-demo/build/out/DerivedData/SourcePackages/checkouts/Highlightr/Pod/Assets/styles/monokai-sublime.min.css /Volumes/SN550-2T/freewind-demos/swiftui-macos-multilanguage-code-editor-demo/build/out/Debug/Highlightr_Highlightr.bundle/Contents/Resources

CpResource /Volumes/SN550-2T/freewind-demos/swiftui-macos-multilanguage-code-editor-demo/build/out/Debug/Highlightr_Highlightr.bundle/Contents/Resources/mono-blue.min.css /Volumes/SN550-2T/freewind-demos/swiftui-macos-multilanguage-code-editor-demo/build/out/DerivedData/SourcePackages/checkouts/Highlightr/Pod/Assets/styles/mono-blue.min.css (in target 'Highlightr_Highlightr' from project 'Highlightr')
    cd /Volumes/SN550-2T/freewind-demos/swiftui-macos-multilanguage-code-editor-demo/build/out/DerivedData/SourcePackages/checkouts/Highlightr
    builtin-copy -exclude .DS_Store -exclude CVS -exclude .svn -exclude .git -exclude .hg -resolve-src-symlinks /Volumes/SN550-2T/freewind-demos/swiftui-macos-multilanguage-code-editor-demo/build/out/DerivedData/SourcePackages/checkouts/Highlightr/Pod/Assets/styles/mono-blue.min.css /Volumes/SN550-2T/freewind-demos/swiftui-macos-multilanguage-code-editor-demo/build/out/Debug/Highlightr_Highlightr.bundle/Contents/Resources

CpResource /Volumes/SN550-2T/freewind-demos/swiftui-macos-multilanguage-code-editor-demo/build/out/Debug/Highlightr_Highlightr.bundle/Contents/Resources/magula.min.css /Volumes/SN550-2T/freewind-demos/swiftui-macos-multilanguage-code-editor-demo/build/out/DerivedData/SourcePackages/checkouts/Highlightr/Pod/Assets/styles/magula.min.css (in target 'Highlightr_Highlightr' from project 'Highlightr')
    cd /Volumes/SN550-2T/freewind-demos/swiftui-macos-multilanguage-code-editor-demo/build/out/DerivedData/SourcePackages/checkouts/Highlightr
    builtin-copy -exclude .DS_Store -exclude CVS -exclude .svn -exclude .git -exclude .hg -resolve-src-symlinks /Volumes/SN550-2T/freewind-demos/swiftui-macos-multilanguage-code-editor-demo/build/out/DerivedData/SourcePackages/checkouts/Highlightr/Pod/Assets/styles/magula.min.css /Volumes/SN550-2T/freewind-demos/swiftui-macos-multilanguage-code-editor-demo/build/out/Debug/Highlightr_Highlightr.bundle/Contents/Resources

CpResource /Volumes/SN550-2T/freewind-demos/swiftui-macos-multilanguage-code-editor-demo/build/out/Debug/Highlightr_Highlightr.bundle/Contents/Resources/lightfair.min.css /Volumes/SN550-2T/freewind-demos/swiftui-macos-multilanguage-code-editor-demo/build/out/DerivedData/SourcePackages/checkouts/Highlightr/Pod/Assets/styles/lightfair.min.css (in target 'Highlightr_Highlightr' from project 'Highlightr')
    cd /Volumes/SN550-2T/freewind-demos/swiftui-macos-multilanguage-code-editor-demo/build/out/DerivedData/SourcePackages/checkouts/Highlightr
    builtin-copy -exclude .DS_Store -exclude CVS -exclude .svn -exclude .git -exclude .hg -resolve-src-symlinks /Volumes/SN550-2T/freewind-demos/swiftui-macos-multilanguage-code-editor-demo/build/out/DerivedData/SourcePackages/checkouts/Highlightr/Pod/Assets/styles/lightfair.min.css /Volumes/SN550-2T/freewind-demos/swiftui-macos-multilanguage-code-editor-demo/build/out/Debug/Highlightr_Highlightr.bundle/Contents/Resources

CpResource /Volumes/SN550-2T/freewind-demos/swiftui-macos-multilanguage-code-editor-demo/build/out/Debug/Highlightr_Highlightr.bundle/Contents/Resources/kimbie.light.min.css /Volumes/SN550-2T/freewind-demos/swiftui-macos-multilanguage-code-editor-demo/build/out/DerivedData/SourcePackages/checkouts/Highlightr/Pod/Assets/styles/kimbie.light.min.css (in target 'Highlightr_Highlightr' from project 'Highlightr')
    cd /Volumes/SN550-2T/freewind-demos/swiftui-macos-multilanguage-code-editor-demo/build/out/DerivedData/SourcePackages/checkouts/Highlightr
    builtin-copy -exclude .DS_Store -exclude CVS -exclude .svn -exclude .git -exclude .hg -resolve-src-symlinks /Volumes/SN550-2T/freewind-demos/swiftui-macos-multilanguage-code-editor-demo/build/out/DerivedData/SourcePackages/checkouts/Highlightr/Pod/Assets/styles/kimbie.light.min.css /Volumes/SN550-2T/freewind-demos/swiftui-macos-multilanguage-code-editor-demo/build/out/Debug/Highlightr_Highlightr.bundle/Contents/Resources

CpResource /Volumes/SN550-2T/freewind-demos/swiftui-macos-multilanguage-code-editor-demo/build/out/Debug/Highlightr_Highlightr.bundle/Contents/Resources/kimbie.dark.min.css /Volumes/SN550-2T/freewind-demos/swiftui-macos-multilanguage-code-editor-demo/build/out/DerivedData/SourcePackages/checkouts/Highlightr/Pod/Assets/styles/kimbie.dark.min.css (in target 'Highlightr_Highlightr' from project 'Highlightr')
    cd /Volumes/SN550-2T/freewind-demos/swiftui-macos-multilanguage-code-editor-demo/build/out/DerivedData/SourcePackages/checkouts/Highlightr
    builtin-copy -exclude .DS_Store -exclude CVS -exclude .svn -exclude .git -exclude .hg -resolve-src-symlinks /Volumes/SN550-2T/freewind-demos/swiftui-macos-multilanguage-code-editor-demo/build/out/DerivedData/SourcePackages/checkouts/Highlightr/Pod/Assets/styles/kimbie.dark.min.css /Volumes/SN550-2T/freewind-demos/swiftui-macos-multilanguage-code-editor-demo/build/out/Debug/Highlightr_Highlightr.bundle/Contents/Resources

CpResource /Volumes/SN550-2T/freewind-demos/swiftui-macos-multilanguage-code-editor-demo/build/out/Debug/Highlightr_Highlightr.bundle/Contents/Resources/isbl-editor-light.min.css /Volumes/SN550-2T/freewind-demos/swiftui-macos-multilanguage-code-editor-demo/build/out/DerivedData/SourcePackages/checkouts/Highlightr/Pod/Assets/styles/isbl-editor-light.min.css (in target 'Highlightr_Highlightr' from project 'Highlightr')
    cd /Volumes/SN550-2T/freewind-demos/swiftui-macos-multilanguage-code-editor-demo/build/out/DerivedData/SourcePackages/checkouts/Highlightr
    builtin-copy -exclude .DS_Store -exclude CVS -exclude .svn -exclude .git -exclude .hg -resolve-src-symlinks /Volumes/SN550-2T/freewind-demos/swiftui-macos-multilanguage-code-editor-demo/build/out/DerivedData/SourcePackages/checkouts/Highlightr/Pod/Assets/styles/isbl-editor-light.min.css /Volumes/SN550-2T/freewind-demos/swiftui-macos-multilanguage-code-editor-demo/build/out/Debug/Highlightr_Highlightr.bundle/Contents/Resources

CpResource /Volumes/SN550-2T/freewind-demos/swiftui-macos-multilanguage-code-editor-demo/build/out/Debug/Highlightr_Highlightr.bundle/Contents/Resources/isbl-editor-dark.min.css /Volumes/SN550-2T/freewind-demos/swiftui-macos-multilanguage-code-editor-demo/build/out/DerivedData/SourcePackages/checkouts/Highlightr/Pod/Assets/styles/isbl-editor-dark.min.css (in target 'Highlightr_Highlightr' from project 'Highlightr')
    cd /Volumes/SN550-2T/freewind-demos/swiftui-macos-multilanguage-code-editor-demo/build/out/DerivedData/SourcePackages/checkouts/Highlightr
    builtin-copy -exclude .DS_Store -exclude CVS -exclude .svn -exclude .git -exclude .hg -resolve-src-symlinks /Volumes/SN550-2T/freewind-demos/swiftui-macos-multilanguage-code-editor-demo/build/out/DerivedData/SourcePackages/checkouts/Highlightr/Pod/Assets/styles/isbl-editor-dark.min.css /Volumes/SN550-2T/freewind-demos/swiftui-macos-multilanguage-code-editor-demo/build/out/Debug/Highlightr_Highlightr.bundle/Contents/Resources

CpResource /Volumes/SN550-2T/freewind-demos/swiftui-macos-multilanguage-code-editor-demo/build/out/Debug/Highlightr_Highlightr.bundle/Contents/Resources/idea.min.css /Volumes/SN550-2T/freewind-demos/swiftui-macos-multilanguage-code-editor-demo/build/out/DerivedData/SourcePackages/checkouts/Highlightr/Pod/Assets/styles/idea.min.css (in target 'Highlightr_Highlightr' from project 'Highlightr')
    cd /Volumes/SN550-2T/freewind-demos/swiftui-macos-multilanguage-code-editor-demo/build/out/DerivedData/SourcePackages/checkouts/Highlightr
    builtin-copy -exclude .DS_Store -exclude CVS -exclude .svn -exclude .git -exclude .hg -resolve-src-symlinks /Volumes/SN550-2T/freewind-demos/swiftui-macos-multilanguage-code-editor-demo/build/out/DerivedData/SourcePackages/checkouts/Highlightr/Pod/Assets/styles/idea.min.css /Volumes/SN550-2T/freewind-demos/swiftui-macos-multilanguage-code-editor-demo/build/out/Debug/Highlightr_Highlightr.bundle/Contents/Resources

CpResource /Volumes/SN550-2T/freewind-demos/swiftui-macos-multilanguage-code-editor-demo/build/out/Debug/Highlightr_Highlightr.bundle/Contents/Resources/ir-black.min.css /Volumes/SN550-2T/freewind-demos/swiftui-macos-multilanguage-code-editor-demo/build/out/DerivedData/SourcePackages/checkouts/Highlightr/Pod/Assets/styles/ir-black.min.css (in target 'Highlightr_Highlightr' from project 'Highlightr')
    cd /Volumes/SN550-2T/freewind-demos/swiftui-macos-multilanguage-code-editor-demo/build/out/DerivedData/SourcePackages/checkouts/Highlightr
    builtin-copy -exclude .DS_Store -exclude CVS -exclude .svn -exclude .git -exclude .hg -resolve-src-symlinks /Volumes/SN550-2T/freewind-demos/swiftui-macos-multilanguage-code-editor-demo/build/out/DerivedData/SourcePackages/checkouts/Highlightr/Pod/Assets/styles/ir-black.min.css /Volumes/SN550-2T/freewind-demos/swiftui-macos-multilanguage-code-editor-demo/build/out/Debug/Highlightr_Highlightr.bundle/Contents/Resources

CpResource /Volumes/SN550-2T/freewind-demos/swiftui-macos-multilanguage-code-editor-demo/build/out/Debug/Highlightr_Highlightr.bundle/Contents/Resources/hybrid.min.css /Volumes/SN550-2T/freewind-demos/swiftui-macos-multilanguage-code-editor-demo/build/out/DerivedData/SourcePackages/checkouts/Highlightr/Pod/Assets/styles/hybrid.min.css (in target 'Highlightr_Highlightr' from project 'Highlightr')
    cd /Volumes/SN550-2T/freewind-demos/swiftui-macos-multilanguage-code-editor-demo/build/out/DerivedData/SourcePackages/checkouts/Highlightr
    builtin-copy -exclude .DS_Store -exclude CVS -exclude .svn -exclude .git -exclude .hg -resolve-src-symlinks /Volumes/SN550-2T/freewind-demos/swiftui-macos-multilanguage-code-editor-demo/build/out/DerivedData/SourcePackages/checkouts/Highlightr/Pod/Assets/styles/hybrid.min.css /Volumes/SN550-2T/freewind-demos/swiftui-macos-multilanguage-code-editor-demo/build/out/Debug/Highlightr_Highlightr.bundle/Contents/Resources

CpResource /Volumes/SN550-2T/freewind-demos/swiftui-macos-multilanguage-code-editor-demo/build/out/Debug/Highlightr_Highlightr.bundle/Contents/Resources/hopscotch.min.css /Volumes/SN550-2T/freewind-demos/swiftui-macos-multilanguage-code-editor-demo/build/out/DerivedData/SourcePackages/checkouts/Highlightr/Pod/Assets/styles/hopscotch.min.css (in target 'Highlightr_Highlightr' from project 'Highlightr')
    cd /Volumes/SN550-2T/freewind-demos/swiftui-macos-multilanguage-code-editor-demo/build/out/DerivedData/SourcePackages/checkouts/Highlightr
    builtin-copy -exclude .DS_Store -exclude CVS -exclude .svn -exclude .git -exclude .hg -resolve-src-symlinks /Volumes/SN550-2T/freewind-demos/swiftui-macos-multilanguage-code-editor-demo/build/out/DerivedData/SourcePackages/checkouts/Highlightr/Pod/Assets/styles/hopscotch.min.css /Volumes/SN550-2T/freewind-demos/swiftui-macos-multilanguage-code-editor-demo/build/out/Debug/Highlightr_Highlightr.bundle/Contents/Resources

CpResource /Volumes/SN550-2T/freewind-demos/swiftui-macos-multilanguage-code-editor-demo/build/out/Debug/Highlightr_Highlightr.bundle/Contents/Resources/highlight.min.js /Volumes/SN550-2T/freewind-demos/swiftui-macos-multilanguage-code-editor-demo/build/out/DerivedData/SourcePackages/checkouts/Highlightr/Pod/Assets/Highlighter/highlight.min.js (in target 'Highlightr_Highlightr' from project 'Highlightr')
    cd /Volumes/SN550-2T/freewind-demos/swiftui-macos-multilanguage-code-editor-demo/build/out/DerivedData/SourcePackages/checkouts/Highlightr
    builtin-copy -exclude .DS_Store -exclude CVS -exclude .svn -exclude .git -exclude .hg -resolve-src-symlinks /Volumes/SN550-2T/freewind-demos/swiftui-macos-multilanguage-code-editor-demo/build/out/DerivedData/SourcePackages/checkouts/Highlightr/Pod/Assets/Highlighter/highlight.min.js /Volumes/SN550-2T/freewind-demos/swiftui-macos-multilanguage-code-editor-demo/build/out/Debug/Highlightr_Highlightr.bundle/Contents/Resources

CpResource /Volumes/SN550-2T/freewind-demos/swiftui-macos-multilanguage-code-editor-demo/build/out/Debug/Highlightr_Highlightr.bundle/Contents/Resources/gruvbox-light.min.css /Volumes/SN550-2T/freewind-demos/swiftui-macos-multilanguage-code-editor-demo/build/out/DerivedData/SourcePackages/checkouts/Highlightr/Pod/Assets/styles/gruvbox-light.min.css (in target 'Highlightr_Highlightr' from project 'Highlightr')
    cd /Volumes/SN550-2T/freewind-demos/swiftui-macos-multilanguage-code-editor-demo/build/out/DerivedData/SourcePackages/checkouts/Highlightr
    builtin-copy -exclude .DS_Store -exclude CVS -exclude .svn -exclude .git -exclude .hg -resolve-src-symlinks /Volumes/SN550-2T/freewind-demos/swiftui-macos-multilanguage-code-editor-demo/build/out/DerivedData/SourcePackages/checkouts/Highlightr/Pod/Assets/styles/gruvbox-light.min.css /Volumes/SN550-2T/freewind-demos/swiftui-macos-multilanguage-code-editor-demo/build/out/Debug/Highlightr_Highlightr.bundle/Contents/Resources

CpResource /Volumes/SN550-2T/freewind-demos/swiftui-macos-multilanguage-code-editor-demo/build/out/Debug/Highlightr_Highlightr.bundle/Contents/Resources/gruvbox-dark.min.css /Volumes/SN550-2T/freewind-demos/swiftui-macos-multilanguage-code-editor-demo/build/out/DerivedData/SourcePackages/checkouts/Highlightr/Pod/Assets/styles/gruvbox-dark.min.css (in target 'Highlightr_Highlightr' from project 'Highlightr')
    cd /Volumes/SN550-2T/freewind-demos/swiftui-macos-multilanguage-code-editor-demo/build/out/DerivedData/SourcePackages/checkouts/Highlightr
    builtin-copy -exclude .DS_Store -exclude CVS -exclude .svn -exclude .git -exclude .hg -resolve-src-symlinks /Volumes/SN550-2T/freewind-demos/swiftui-macos-multilanguage-code-editor-demo/build/out/DerivedData/SourcePackages/checkouts/Highlightr/Pod/Assets/styles/gruvbox-dark.min.css /Volumes/SN550-2T/freewind-demos/swiftui-macos-multilanguage-code-editor-demo/build/out/Debug/Highlightr_Highlightr.bundle/Contents/Resources

CpResource /Volumes/SN550-2T/freewind-demos/swiftui-macos-multilanguage-code-editor-demo/build/out/Debug/Highlightr_Highlightr.bundle/Contents/Resources/grayscale.min.css /Volumes/SN550-2T/freewind-demos/swiftui-macos-multilanguage-code-editor-demo/build/out/DerivedData/SourcePackages/checkouts/Highlightr/Pod/Assets/styles/grayscale.min.css (in target 'Highlightr_Highlightr' from project 'Highlightr')
    cd /Volumes/SN550-2T/freewind-demos/swiftui-macos-multilanguage-code-editor-demo/build/out/DerivedData/SourcePackages/checkouts/Highlightr
    builtin-copy -exclude .DS_Store -exclude CVS -exclude .svn -exclude .git -exclude .hg -resolve-src-symlinks /Volumes/SN550-2T/freewind-demos/swiftui-macos-multilanguage-code-editor-demo/build/out/DerivedData/SourcePackages/checkouts/Highlightr/Pod/Assets/styles/grayscale.min.css /Volumes/SN550-2T/freewind-demos/swiftui-macos-multilanguage-code-editor-demo/build/out/Debug/Highlightr_Highlightr.bundle/Contents/Resources

CpResource /Volumes/SN550-2T/freewind-demos/swiftui-macos-multilanguage-code-editor-demo/build/out/Debug/Highlightr_Highlightr.bundle/Contents/Resources/googlecode.min.css /Volumes/SN550-2T/freewind-demos/swiftui-macos-multilanguage-code-editor-demo/build/out/DerivedData/SourcePackages/checkouts/Highlightr/Pod/Assets/styles/googlecode.min.css (in target 'Highlightr_Highlightr' from project 'Highlightr')
    cd /Volumes/SN550-2T/freewind-demos/swiftui-macos-multilanguage-code-editor-demo/build/out/DerivedData/SourcePackages/checkouts/Highlightr
    builtin-copy -exclude .DS_Store -exclude CVS -exclude .svn -exclude .git -exclude .hg -resolve-src-symlinks /Volumes/SN550-2T/freewind-demos/swiftui-macos-multilanguage-code-editor-demo/build/out/DerivedData/SourcePackages/checkouts/Highlightr/Pod/Assets/styles/googlecode.min.css /Volumes/SN550-2T/freewind-demos/swiftui-macos-multilanguage-code-editor-demo/build/out/Debug/Highlightr_Highlightr.bundle/Contents/Resources

CpResource /Volumes/SN550-2T/freewind-demos/swiftui-macos-multilanguage-code-editor-demo/build/out/Debug/Highlightr_Highlightr.bundle/Contents/Resources/gml.min.css /Volumes/SN550-2T/freewind-demos/swiftui-macos-multilanguage-code-editor-demo/build/out/DerivedData/SourcePackages/checkouts/Highlightr/Pod/Assets/styles/gml.min.css (in target 'Highlightr_Highlightr' from project 'Highlightr')
    cd /Volumes/SN550-2T/freewind-demos/swiftui-macos-multilanguage-code-editor-demo/build/out/DerivedData/SourcePackages/checkouts/Highlightr
    builtin-copy -exclude .DS_Store -exclude CVS -exclude .svn -exclude .git -exclude .hg -resolve-src-symlinks /Volumes/SN550-2T/freewind-demos/swiftui-macos-multilanguage-code-editor-demo/build/out/DerivedData/SourcePackages/checkouts/Highlightr/Pod/Assets/styles/gml.min.css /Volumes/SN550-2T/freewind-demos/swiftui-macos-multilanguage-code-editor-demo/build/out/Debug/Highlightr_Highlightr.bundle/Contents/Resources

CpResource /Volumes/SN550-2T/freewind-demos/swiftui-macos-multilanguage-code-editor-demo/build/out/Debug/Highlightr_Highlightr.bundle/Contents/Resources/github.min.css /Volumes/SN550-2T/freewind-demos/swiftui-macos-multilanguage-code-editor-demo/build/out/DerivedData/SourcePackages/checkouts/Highlightr/Pod/Assets/styles/github.min.css (in target 'Highlightr_Highlightr' from project 'Highlightr')
    cd /Volumes/SN550-2T/freewind-demos/swiftui-macos-multilanguage-code-editor-demo/build/out/DerivedData/SourcePackages/checkouts/Highlightr
    builtin-copy -exclude .DS_Store -exclude CVS -exclude .svn -exclude .git -exclude .hg -resolve-src-symlinks /Volumes/SN550-2T/freewind-demos/swiftui-macos-multilanguage-code-editor-demo/build/out/DerivedData/SourcePackages/checkouts/Highlightr/Pod/Assets/styles/github.min.css /Volumes/SN550-2T/freewind-demos/swiftui-macos-multilanguage-code-editor-demo/build/out/Debug/Highlightr_Highlightr.bundle/Contents/Resources

CpResource /Volumes/SN550-2T/freewind-demos/swiftui-macos-multilanguage-code-editor-demo/build/out/Debug/Highlightr_Highlightr.bundle/Contents/Resources/github-gist.min.css /Volumes/SN550-2T/freewind-demos/swiftui-macos-multilanguage-code-editor-demo/build/out/DerivedData/SourcePackages/checkouts/Highlightr/Pod/Assets/styles/github-gist.min.css (in target 'Highlightr_Highlightr' from project 'Highlightr')
    cd /Volumes/SN550-2T/freewind-demos/swiftui-macos-multilanguage-code-editor-demo/build/out/DerivedData/SourcePackages/checkouts/Highlightr
    builtin-copy -exclude .DS_Store -exclude CVS -exclude .svn -exclude .git -exclude .hg -resolve-src-symlinks /Volumes/SN550-2T/freewind-demos/swiftui-macos-multilanguage-code-editor-demo/build/out/DerivedData/SourcePackages/checkouts/Highlightr/Pod/Assets/styles/github-gist.min.css /Volumes/SN550-2T/freewind-demos/swiftui-macos-multilanguage-code-editor-demo/build/out/Debug/Highlightr_Highlightr.bundle/Contents/Resources

CpResource /Volumes/SN550-2T/freewind-demos/swiftui-macos-multilanguage-code-editor-demo/build/out/Debug/Highlightr_Highlightr.bundle/Contents/Resources/foundation.min.css /Volumes/SN550-2T/freewind-demos/swiftui-macos-multilanguage-code-editor-demo/build/out/DerivedData/SourcePackages/checkouts/Highlightr/Pod/Assets/styles/foundation.min.css (in target 'Highlightr_Highlightr' from project 'Highlightr')
    cd /Volumes/SN550-2T/freewind-demos/swiftui-macos-multilanguage-code-editor-demo/build/out/DerivedData/SourcePackages/checkouts/Highlightr
    builtin-copy -exclude .DS_Store -exclude CVS -exclude .svn -exclude .git -exclude .hg -resolve-src-symlinks /Volumes/SN550-2T/freewind-demos/swiftui-macos-multilanguage-code-editor-demo/build/out/DerivedData/SourcePackages/checkouts/Highlightr/Pod/Assets/styles/foundation.min.css /Volumes/SN550-2T/freewind-demos/swiftui-macos-multilanguage-code-editor-demo/build/out/Debug/Highlightr_Highlightr.bundle/Contents/Resources

CpResource /Volumes/SN550-2T/freewind-demos/swiftui-macos-multilanguage-code-editor-demo/build/out/Debug/Highlightr_Highlightr.bundle/Contents/Resources/far.min.css /Volumes/SN550-2T/freewind-demos/swiftui-macos-multilanguage-code-editor-demo/build/out/DerivedData/SourcePackages/checkouts/Highlightr/Pod/Assets/styles/far.min.css (in target 'Highlightr_Highlightr' from project 'Highlightr')
    cd /Volumes/SN550-2T/freewind-demos/swiftui-macos-multilanguage-code-editor-demo/build/out/DerivedData/SourcePackages/checkouts/Highlightr
    builtin-copy -exclude .DS_Store -exclude CVS -exclude .svn -exclude .git -exclude .hg -resolve-src-symlinks /Volumes/SN550-2T/freewind-demos/swiftui-macos-multilanguage-code-editor-demo/build/out/DerivedData/SourcePackages/checkouts/Highlightr/Pod/Assets/styles/far.min.css /Volumes/SN550-2T/freewind-demos/swiftui-macos-multilanguage-code-editor-demo/build/out/Debug/Highlightr_Highlightr.bundle/Contents/Resources

CpResource /Volumes/SN550-2T/freewind-demos/swiftui-macos-multilanguage-code-editor-demo/build/out/Debug/Highlightr_Highlightr.bundle/Contents/Resources/dracula.min.css /Volumes/SN550-2T/freewind-demos/swiftui-macos-multilanguage-code-editor-demo/build/out/DerivedData/SourcePackages/checkouts/Highlightr/Pod/Assets/styles/dracula.min.css (in target 'Highlightr_Highlightr' from project 'Highlightr')
    cd /Volumes/SN550-2T/freewind-demos/swiftui-macos-multilanguage-code-editor-demo/build/out/DerivedData/SourcePackages/checkouts/Highlightr
    builtin-copy -exclude .DS_Store -exclude CVS -exclude .svn -exclude .git -exclude .hg -resolve-src-symlinks /Volumes/SN550-2T/freewind-demos/swiftui-macos-multilanguage-code-editor-demo/build/out/DerivedData/SourcePackages/checkouts/Highlightr/Pod/Assets/styles/dracula.min.css /Volumes/SN550-2T/freewind-demos/swiftui-macos-multilanguage-code-editor-demo/build/out/Debug/Highlightr_Highlightr.bundle/Contents/Resources

CpResource /Volumes/SN550-2T/freewind-demos/swiftui-macos-multilanguage-code-editor-demo/build/out/Debug/Highlightr_Highlightr.bundle/Contents/Resources/docco.min.css /Volumes/SN550-2T/freewind-demos/swiftui-macos-multilanguage-code-editor-demo/build/out/DerivedData/SourcePackages/checkouts/Highlightr/Pod/Assets/styles/docco.min.css (in target 'Highlightr_Highlightr' from project 'Highlightr')
    cd /Volumes/SN550-2T/freewind-demos/swiftui-macos-multilanguage-code-editor-demo/build/out/DerivedData/SourcePackages/checkouts/Highlightr
    builtin-copy -exclude .DS_Store -exclude CVS -exclude .svn -exclude .git -exclude .hg -resolve-src-symlinks /Volumes/SN550-2T/freewind-demos/swiftui-macos-multilanguage-code-editor-demo/build/out/DerivedData/SourcePackages/checkouts/Highlightr/Pod/Assets/styles/docco.min.css /Volumes/SN550-2T/freewind-demos/swiftui-macos-multilanguage-code-editor-demo/build/out/Debug/Highlightr_Highlightr.bundle/Contents/Resources

CpResource /Volumes/SN550-2T/freewind-demos/swiftui-macos-multilanguage-code-editor-demo/build/out/Debug/Highlightr_Highlightr.bundle/Contents/Resources/default.min.css /Volumes/SN550-2T/freewind-demos/swiftui-macos-multilanguage-code-editor-demo/build/out/DerivedData/SourcePackages/checkouts/Highlightr/Pod/Assets/styles/default.min.css (in target 'Highlightr_Highlightr' from project 'Highlightr')
    cd /Volumes/SN550-2T/freewind-demos/swiftui-macos-multilanguage-code-editor-demo/build/out/DerivedData/SourcePackages/checkouts/Highlightr
    builtin-copy -exclude .DS_Store -exclude CVS -exclude .svn -exclude .git -exclude .hg -resolve-src-symlinks /Volumes/SN550-2T/freewind-demos/swiftui-macos-multilanguage-code-editor-demo/build/out/DerivedData/SourcePackages/checkouts/Highlightr/Pod/Assets/styles/default.min.css /Volumes/SN550-2T/freewind-demos/swiftui-macos-multilanguage-code-editor-demo/build/out/Debug/Highlightr_Highlightr.bundle/Contents/Resources

CpResource /Volumes/SN550-2T/freewind-demos/swiftui-macos-multilanguage-code-editor-demo/build/out/Debug/Highlightr_Highlightr.bundle/Contents/Resources/darkula.min.css /Volumes/SN550-2T/freewind-demos/swiftui-macos-multilanguage-code-editor-demo/build/out/DerivedData/SourcePackages/checkouts/Highlightr/Pod/Assets/styles/darkula.min.css (in target 'Highlightr_Highlightr' from project 'Highlightr')
    cd /Volumes/SN550-2T/freewind-demos/swiftui-macos-multilanguage-code-editor-demo/build/out/DerivedData/SourcePackages/checkouts/Highlightr
    builtin-copy -exclude .DS_Store -exclude CVS -exclude .svn -exclude .git -exclude .hg -resolve-src-symlinks /Volumes/SN550-2T/freewind-demos/swiftui-macos-multilanguage-code-editor-demo/build/out/DerivedData/SourcePackages/checkouts/Highlightr/Pod/Assets/styles/darkula.min.css /Volumes/SN550-2T/freewind-demos/swiftui-macos-multilanguage-code-editor-demo/build/out/Debug/Highlightr_Highlightr.bundle/Contents/Resources

CpResource /Volumes/SN550-2T/freewind-demos/swiftui-macos-multilanguage-code-editor-demo/build/out/Debug/Highlightr_Highlightr.bundle/Contents/Resources/dark.min.css /Volumes/SN550-2T/freewind-demos/swiftui-macos-multilanguage-code-editor-demo/build/out/DerivedData/SourcePackages/checkouts/Highlightr/Pod/Assets/styles/dark.min.css (in target 'Highlightr_Highlightr' from project 'Highlightr')
    cd /Volumes/SN550-2T/freewind-demos/swiftui-macos-multilanguage-code-editor-demo/build/out/DerivedData/SourcePackages/checkouts/Highlightr
    builtin-copy -exclude .DS_Store -exclude CVS -exclude .svn -exclude .git -exclude .hg -resolve-src-symlinks /Volumes/SN550-2T/freewind-demos/swiftui-macos-multilanguage-code-editor-demo/build/out/DerivedData/SourcePackages/checkouts/Highlightr/Pod/Assets/styles/dark.min.css /Volumes/SN550-2T/freewind-demos/swiftui-macos-multilanguage-code-editor-demo/build/out/Debug/Highlightr_Highlightr.bundle/Contents/Resources

CpResource /Volumes/SN550-2T/freewind-demos/swiftui-macos-multilanguage-code-editor-demo/build/out/Debug/Highlightr_Highlightr.bundle/Contents/Resources/darcula.min.css /Volumes/SN550-2T/freewind-demos/swiftui-macos-multilanguage-code-editor-demo/build/out/DerivedData/SourcePackages/checkouts/Highlightr/Pod/Assets/styles/darcula.min.css (in target 'Highlightr_Highlightr' from project 'Highlightr')
    cd /Volumes/SN550-2T/freewind-demos/swiftui-macos-multilanguage-code-editor-demo/build/out/DerivedData/SourcePackages/checkouts/Highlightr
    builtin-copy -exclude .DS_Store -exclude CVS -exclude .svn -exclude .git -exclude .hg -resolve-src-symlinks /Volumes/SN550-2T/freewind-demos/swiftui-macos-multilanguage-code-editor-demo/build/out/DerivedData/SourcePackages/checkouts/Highlightr/Pod/Assets/styles/darcula.min.css /Volumes/SN550-2T/freewind-demos/swiftui-macos-multilanguage-code-editor-demo/build/out/Debug/Highlightr_Highlightr.bundle/Contents/Resources

CpResource /Volumes/SN550-2T/freewind-demos/swiftui-macos-multilanguage-code-editor-demo/build/out/Debug/Highlightr_Highlightr.bundle/Contents/Resources/color-brewer.min.css /Volumes/SN550-2T/freewind-demos/swiftui-macos-multilanguage-code-editor-demo/build/out/DerivedData/SourcePackages/checkouts/Highlightr/Pod/Assets/styles/color-brewer.min.css (in target 'Highlightr_Highlightr' from project 'Highlightr')
    cd /Volumes/SN550-2T/freewind-demos/swiftui-macos-multilanguage-code-editor-demo/build/out/DerivedData/SourcePackages/checkouts/Highlightr
    builtin-copy -exclude .DS_Store -exclude CVS -exclude .svn -exclude .git -exclude .hg -resolve-src-symlinks /Volumes/SN550-2T/freewind-demos/swiftui-macos-multilanguage-code-editor-demo/build/out/DerivedData/SourcePackages/checkouts/Highlightr/Pod/Assets/styles/color-brewer.min.css /Volumes/SN550-2T/freewind-demos/swiftui-macos-multilanguage-code-editor-demo/build/out/Debug/Highlightr_Highlightr.bundle/Contents/Resources

CpResource /Volumes/SN550-2T/freewind-demos/swiftui-macos-multilanguage-code-editor-demo/build/out/Debug/Highlightr_Highlightr.bundle/Contents/Resources/codepen-embed.min.css /Volumes/SN550-2T/freewind-demos/swiftui-macos-multilanguage-code-editor-demo/build/out/DerivedData/SourcePackages/checkouts/Highlightr/Pod/Assets/styles/codepen-embed.min.css (in target 'Highlightr_Highlightr' from project 'Highlightr')
    cd /Volumes/SN550-2T/freewind-demos/swiftui-macos-multilanguage-code-editor-demo/build/out/DerivedData/SourcePackages/checkouts/Highlightr
    builtin-copy -exclude .DS_Store -exclude CVS -exclude .svn -exclude .git -exclude .hg -resolve-src-symlinks /Volumes/SN550-2T/freewind-demos/swiftui-macos-multilanguage-code-editor-demo/build/out/DerivedData/SourcePackages/checkouts/Highlightr/Pod/Assets/styles/codepen-embed.min.css /Volumes/SN550-2T/freewind-demos/swiftui-macos-multilanguage-code-editor-demo/build/out/Debug/Highlightr_Highlightr.bundle/Contents/Resources

CpResource /Volumes/SN550-2T/freewind-demos/swiftui-macos-multilanguage-code-editor-demo/build/out/Debug/Highlightr_Highlightr.bundle/Contents/Resources/brown-paper.min.css /Volumes/SN550-2T/freewind-demos/swiftui-macos-multilanguage-code-editor-demo/build/out/DerivedData/SourcePackages/checkouts/Highlightr/Pod/Assets/styles/brown-paper.min.css (in target 'Highlightr_Highlightr' from project 'Highlightr')
    cd /Volumes/SN550-2T/freewind-demos/swiftui-macos-multilanguage-code-editor-demo/build/out/DerivedData/SourcePackages/checkouts/Highlightr
    builtin-copy -exclude .DS_Store -exclude CVS -exclude .svn -exclude .git -exclude .hg -resolve-src-symlinks /Volumes/SN550-2T/freewind-demos/swiftui-macos-multilanguage-code-editor-demo/build/out/DerivedData/SourcePackages/checkouts/Highlightr/Pod/Assets/styles/brown-paper.min.css /Volumes/SN550-2T/freewind-demos/swiftui-macos-multilanguage-code-editor-demo/build/out/Debug/Highlightr_Highlightr.bundle/Contents/Resources

CpResource /Volumes/SN550-2T/freewind-demos/swiftui-macos-multilanguage-code-editor-demo/build/out/Debug/Highlightr_Highlightr.bundle/Contents/Resources/atom-one-light.min.css /Volumes/SN550-2T/freewind-demos/swiftui-macos-multilanguage-code-editor-demo/build/out/DerivedData/SourcePackages/checkouts/Highlightr/Pod/Assets/styles/atom-one-light.min.css (in target 'Highlightr_Highlightr' from project 'Highlightr')
    cd /Volumes/SN550-2T/freewind-demos/swiftui-macos-multilanguage-code-editor-demo/build/out/DerivedData/SourcePackages/checkouts/Highlightr
    builtin-copy -exclude .DS_Store -exclude CVS -exclude .svn -exclude .git -exclude .hg -resolve-src-symlinks /Volumes/SN550-2T/freewind-demos/swiftui-macos-multilanguage-code-editor-demo/build/out/DerivedData/SourcePackages/checkouts/Highlightr/Pod/Assets/styles/atom-one-light.min.css /Volumes/SN550-2T/freewind-demos/swiftui-macos-multilanguage-code-editor-demo/build/out/Debug/Highlightr_Highlightr.bundle/Contents/Resources

CpResource /Volumes/SN550-2T/freewind-demos/swiftui-macos-multilanguage-code-editor-demo/build/out/Debug/Highlightr_Highlightr.bundle/Contents/Resources/atom-one-dark.min.css /Volumes/SN550-2T/freewind-demos/swiftui-macos-multilanguage-code-editor-demo/build/out/DerivedData/SourcePackages/checkouts/Highlightr/Pod/Assets/styles/atom-one-dark.min.css (in target 'Highlightr_Highlightr' from project 'Highlightr')
    cd /Volumes/SN550-2T/freewind-demos/swiftui-macos-multilanguage-code-editor-demo/build/out/DerivedData/SourcePackages/checkouts/Highlightr
    builtin-copy -exclude .DS_Store -exclude CVS -exclude .svn -exclude .git -exclude .hg -resolve-src-symlinks /Volumes/SN550-2T/freewind-demos/swiftui-macos-multilanguage-code-editor-demo/build/out/DerivedData/SourcePackages/checkouts/Highlightr/Pod/Assets/styles/atom-one-dark.min.css /Volumes/SN550-2T/freewind-demos/swiftui-macos-multilanguage-code-editor-demo/build/out/Debug/Highlightr_Highlightr.bundle/Contents/Resources

CpResource /Volumes/SN550-2T/freewind-demos/swiftui-macos-multilanguage-code-editor-demo/build/out/Debug/Highlightr_Highlightr.bundle/Contents/Resources/atom-one-dark-reasonable.min.css /Volumes/SN550-2T/freewind-demos/swiftui-macos-multilanguage-code-editor-demo/build/out/DerivedData/SourcePackages/checkouts/Highlightr/Pod/Assets/styles/atom-one-dark-reasonable.min.css (in target 'Highlightr_Highlightr' from project 'Highlightr')
    cd /Volumes/SN550-2T/freewind-demos/swiftui-macos-multilanguage-code-editor-demo/build/out/DerivedData/SourcePackages/checkouts/Highlightr
    builtin-copy -exclude .DS_Store -exclude CVS -exclude .svn -exclude .git -exclude .hg -resolve-src-symlinks /Volumes/SN550-2T/freewind-demos/swiftui-macos-multilanguage-code-editor-demo/build/out/DerivedData/SourcePackages/checkouts/Highlightr/Pod/Assets/styles/atom-one-dark-reasonable.min.css /Volumes/SN550-2T/freewind-demos/swiftui-macos-multilanguage-code-editor-demo/build/out/Debug/Highlightr_Highlightr.bundle/Contents/Resources

CpResource /Volumes/SN550-2T/freewind-demos/swiftui-macos-multilanguage-code-editor-demo/build/out/Debug/Highlightr_Highlightr.bundle/Contents/Resources/atelier-sulphurpool-dark.min.css /Volumes/SN550-2T/freewind-demos/swiftui-macos-multilanguage-code-editor-demo/build/out/DerivedData/SourcePackages/checkouts/Highlightr/Pod/Assets/styles/atelier-sulphurpool-dark.min.css (in target 'Highlightr_Highlightr' from project 'Highlightr')
    cd /Volumes/SN550-2T/freewind-demos/swiftui-macos-multilanguage-code-editor-demo/build/out/DerivedData/SourcePackages/checkouts/Highlightr
    builtin-copy -exclude .DS_Store -exclude CVS -exclude .svn -exclude .git -exclude .hg -resolve-src-symlinks /Volumes/SN550-2T/freewind-demos/swiftui-macos-multilanguage-code-editor-demo/build/out/DerivedData/SourcePackages/checkouts/Highlightr/Pod/Assets/styles/atelier-sulphurpool-dark.min.css /Volumes/SN550-2T/freewind-demos/swiftui-macos-multilanguage-code-editor-demo/build/out/Debug/Highlightr_Highlightr.bundle/Contents/Resources

CpResource /Volumes/SN550-2T/freewind-demos/swiftui-macos-multilanguage-code-editor-demo/build/out/Debug/Highlightr_Highlightr.bundle/Contents/Resources/atelier-sulphurpool-light.min.css /Volumes/SN550-2T/freewind-demos/swiftui-macos-multilanguage-code-editor-demo/build/out/DerivedData/SourcePackages/checkouts/Highlightr/Pod/Assets/styles/atelier-sulphurpool-light.min.css (in target 'Highlightr_Highlightr' from project 'Highlightr')
    cd /Volumes/SN550-2T/freewind-demos/swiftui-macos-multilanguage-code-editor-demo/build/out/DerivedData/SourcePackages/checkouts/Highlightr
    builtin-copy -exclude .DS_Store -exclude CVS -exclude .svn -exclude .git -exclude .hg -resolve-src-symlinks /Volumes/SN550-2T/freewind-demos/swiftui-macos-multilanguage-code-editor-demo/build/out/DerivedData/SourcePackages/checkouts/Highlightr/Pod/Assets/styles/atelier-sulphurpool-light.min.css /Volumes/SN550-2T/freewind-demos/swiftui-macos-multilanguage-code-editor-demo/build/out/Debug/Highlightr_Highlightr.bundle/Contents/Resources

CpResource /Volumes/SN550-2T/freewind-demos/swiftui-macos-multilanguage-code-editor-demo/build/out/Debug/Highlightr_Highlightr.bundle/Contents/Resources/atelier-seaside-light.min.css /Volumes/SN550-2T/freewind-demos/swiftui-macos-multilanguage-code-editor-demo/build/out/DerivedData/SourcePackages/checkouts/Highlightr/Pod/Assets/styles/atelier-seaside-light.min.css (in target 'Highlightr_Highlightr' from project 'Highlightr')
    cd /Volumes/SN550-2T/freewind-demos/swiftui-macos-multilanguage-code-editor-demo/build/out/DerivedData/SourcePackages/checkouts/Highlightr
    builtin-copy -exclude .DS_Store -exclude CVS -exclude .svn -exclude .git -exclude .hg -resolve-src-symlinks /Volumes/SN550-2T/freewind-demos/swiftui-macos-multilanguage-code-editor-demo/build/out/DerivedData/SourcePackages/checkouts/Highlightr/Pod/Assets/styles/atelier-seaside-light.min.css /Volumes/SN550-2T/freewind-demos/swiftui-macos-multilanguage-code-editor-demo/build/out/Debug/Highlightr_Highlightr.bundle/Contents/Resources

CpResource /Volumes/SN550-2T/freewind-demos/swiftui-macos-multilanguage-code-editor-demo/build/out/Debug/Highlightr_Highlightr.bundle/Contents/Resources/atelier-seaside-dark.min.css /Volumes/SN550-2T/freewind-demos/swiftui-macos-multilanguage-code-editor-demo/build/out/DerivedData/SourcePackages/checkouts/Highlightr/Pod/Assets/styles/atelier-seaside-dark.min.css (in target 'Highlightr_Highlightr' from project 'Highlightr')
    cd /Volumes/SN550-2T/freewind-demos/swiftui-macos-multilanguage-code-editor-demo/build/out/DerivedData/SourcePackages/checkouts/Highlightr
    builtin-copy -exclude .DS_Store -exclude CVS -exclude .svn -exclude .git -exclude .hg -resolve-src-symlinks /Volumes/SN550-2T/freewind-demos/swiftui-macos-multilanguage-code-editor-demo/build/out/DerivedData/SourcePackages/checkouts/Highlightr/Pod/Assets/styles/atelier-seaside-dark.min.css /Volumes/SN550-2T/freewind-demos/swiftui-macos-multilanguage-code-editor-demo/build/out/Debug/Highlightr_Highlightr.bundle/Contents/Resources

CpResource /Volumes/SN550-2T/freewind-demos/swiftui-macos-multilanguage-code-editor-demo/build/out/Debug/Highlightr_Highlightr.bundle/Contents/Resources/atelier-savanna-light.min.css /Volumes/SN550-2T/freewind-demos/swiftui-macos-multilanguage-code-editor-demo/build/out/DerivedData/SourcePackages/checkouts/Highlightr/Pod/Assets/styles/atelier-savanna-light.min.css (in target 'Highlightr_Highlightr' from project 'Highlightr')
    cd /Volumes/SN550-2T/freewind-demos/swiftui-macos-multilanguage-code-editor-demo/build/out/DerivedData/SourcePackages/checkouts/Highlightr
    builtin-copy -exclude .DS_Store -exclude CVS -exclude .svn -exclude .git -exclude .hg -resolve-src-symlinks /Volumes/SN550-2T/freewind-demos/swiftui-macos-multilanguage-code-editor-demo/build/out/DerivedData/SourcePackages/checkouts/Highlightr/Pod/Assets/styles/atelier-savanna-light.min.css /Volumes/SN550-2T/freewind-demos/swiftui-macos-multilanguage-code-editor-demo/build/out/Debug/Highlightr_Highlightr.bundle/Contents/Resources

CpResource /Volumes/SN550-2T/freewind-demos/swiftui-macos-multilanguage-code-editor-demo/build/out/Debug/Highlightr_Highlightr.bundle/Contents/Resources/atelier-savanna-dark.min.css /Volumes/SN550-2T/freewind-demos/swiftui-macos-multilanguage-code-editor-demo/build/out/DerivedData/SourcePackages/checkouts/Highlightr/Pod/Assets/styles/atelier-savanna-dark.min.css (in target 'Highlightr_Highlightr' from project 'Highlightr')
    cd /Volumes/SN550-2T/freewind-demos/swiftui-macos-multilanguage-code-editor-demo/build/out/DerivedData/SourcePackages/checkouts/Highlightr
    builtin-copy -exclude .DS_Store -exclude CVS -exclude .svn -exclude .git -exclude .hg -resolve-src-symlinks /Volumes/SN550-2T/freewind-demos/swiftui-macos-multilanguage-code-editor-demo/build/out/DerivedData/SourcePackages/checkouts/Highlightr/Pod/Assets/styles/atelier-savanna-dark.min.css /Volumes/SN550-2T/freewind-demos/swiftui-macos-multilanguage-code-editor-demo/build/out/Debug/Highlightr_Highlightr.bundle/Contents/Resources

CpResource /Volumes/SN550-2T/freewind-demos/swiftui-macos-multilanguage-code-editor-demo/build/out/Debug/Highlightr_Highlightr.bundle/Contents/Resources/atelier-plateau-light.min.css /Volumes/SN550-2T/freewind-demos/swiftui-macos-multilanguage-code-editor-demo/build/out/DerivedData/SourcePackages/checkouts/Highlightr/Pod/Assets/styles/atelier-plateau-light.min.css (in target 'Highlightr_Highlightr' from project 'Highlightr')
    cd /Volumes/SN550-2T/freewind-demos/swiftui-macos-multilanguage-code-editor-demo/build/out/DerivedData/SourcePackages/checkouts/Highlightr
    builtin-copy -exclude .DS_Store -exclude CVS -exclude .svn -exclude .git -exclude .hg -resolve-src-symlinks /Volumes/SN550-2T/freewind-demos/swiftui-macos-multilanguage-code-editor-demo/build/out/DerivedData/SourcePackages/checkouts/Highlightr/Pod/Assets/styles/atelier-plateau-light.min.css /Volumes/SN550-2T/freewind-demos/swiftui-macos-multilanguage-code-editor-demo/build/out/Debug/Highlightr_Highlightr.bundle/Contents/Resources

CpResource /Volumes/SN550-2T/freewind-demos/swiftui-macos-multilanguage-code-editor-demo/build/out/Debug/Highlightr_Highlightr.bundle/Contents/Resources/atelier-plateau-dark.min.css /Volumes/SN550-2T/freewind-demos/swiftui-macos-multilanguage-code-editor-demo/build/out/DerivedData/SourcePackages/checkouts/Highlightr/Pod/Assets/styles/atelier-plateau-dark.min.css (in target 'Highlightr_Highlightr' from project 'Highlightr')
    cd /Volumes/SN550-2T/freewind-demos/swiftui-macos-multilanguage-code-editor-demo/build/out/DerivedData/SourcePackages/checkouts/Highlightr
    builtin-copy -exclude .DS_Store -exclude CVS -exclude .svn -exclude .git -exclude .hg -resolve-src-symlinks /Volumes/SN550-2T/freewind-demos/swiftui-macos-multilanguage-code-editor-demo/build/out/DerivedData/SourcePackages/checkouts/Highlightr/Pod/Assets/styles/atelier-plateau-dark.min.css /Volumes/SN550-2T/freewind-demos/swiftui-macos-multilanguage-code-editor-demo/build/out/Debug/Highlightr_Highlightr.bundle/Contents/Resources

CpResource /Volumes/SN550-2T/freewind-demos/swiftui-macos-multilanguage-code-editor-demo/build/out/Debug/Highlightr_Highlightr.bundle/Contents/Resources/atelier-lakeside-light.min.css /Volumes/SN550-2T/freewind-demos/swiftui-macos-multilanguage-code-editor-demo/build/out/DerivedData/SourcePackages/checkouts/Highlightr/Pod/Assets/styles/atelier-lakeside-light.min.css (in target 'Highlightr_Highlightr' from project 'Highlightr')
    cd /Volumes/SN550-2T/freewind-demos/swiftui-macos-multilanguage-code-editor-demo/build/out/DerivedData/SourcePackages/checkouts/Highlightr
    builtin-copy -exclude .DS_Store -exclude CVS -exclude .svn -exclude .git -exclude .hg -resolve-src-symlinks /Volumes/SN550-2T/freewind-demos/swiftui-macos-multilanguage-code-editor-demo/build/out/DerivedData/SourcePackages/checkouts/Highlightr/Pod/Assets/styles/atelier-lakeside-light.min.css /Volumes/SN550-2T/freewind-demos/swiftui-macos-multilanguage-code-editor-demo/build/out/Debug/Highlightr_Highlightr.bundle/Contents/Resources

CpResource /Volumes/SN550-2T/freewind-demos/swiftui-macos-multilanguage-code-editor-demo/build/out/Debug/Highlightr_Highlightr.bundle/Contents/Resources/atelier-lakeside-dark.min.css /Volumes/SN550-2T/freewind-demos/swiftui-macos-multilanguage-code-editor-demo/build/out/DerivedData/SourcePackages/checkouts/Highlightr/Pod/Assets/styles/atelier-lakeside-dark.min.css (in target 'Highlightr_Highlightr' from project 'Highlightr')
    cd /Volumes/SN550-2T/freewind-demos/swiftui-macos-multilanguage-code-editor-demo/build/out/DerivedData/SourcePackages/checkouts/Highlightr
    builtin-copy -exclude .DS_Store -exclude CVS -exclude .svn -exclude .git -exclude .hg -resolve-src-symlinks /Volumes/SN550-2T/freewind-demos/swiftui-macos-multilanguage-code-editor-demo/build/out/DerivedData/SourcePackages/checkouts/Highlightr/Pod/Assets/styles/atelier-lakeside-dark.min.css /Volumes/SN550-2T/freewind-demos/swiftui-macos-multilanguage-code-editor-demo/build/out/Debug/Highlightr_Highlightr.bundle/Contents/Resources

CpResource /Volumes/SN550-2T/freewind-demos/swiftui-macos-multilanguage-code-editor-demo/build/out/Debug/Highlightr_Highlightr.bundle/Contents/Resources/atelier-heath-light.min.css /Volumes/SN550-2T/freewind-demos/swiftui-macos-multilanguage-code-editor-demo/build/out/DerivedData/SourcePackages/checkouts/Highlightr/Pod/Assets/styles/atelier-heath-light.min.css (in target 'Highlightr_Highlightr' from project 'Highlightr')
    cd /Volumes/SN550-2T/freewind-demos/swiftui-macos-multilanguage-code-editor-demo/build/out/DerivedData/SourcePackages/checkouts/Highlightr
    builtin-copy -exclude .DS_Store -exclude CVS -exclude .svn -exclude .git -exclude .hg -resolve-src-symlinks /Volumes/SN550-2T/freewind-demos/swiftui-macos-multilanguage-code-editor-demo/build/out/DerivedData/SourcePackages/checkouts/Highlightr/Pod/Assets/styles/atelier-heath-light.min.css /Volumes/SN550-2T/freewind-demos/swiftui-macos-multilanguage-code-editor-demo/build/out/Debug/Highlightr_Highlightr.bundle/Contents/Resources

CpResource /Volumes/SN550-2T/freewind-demos/swiftui-macos-multilanguage-code-editor-demo/build/out/Debug/Highlightr_Highlightr.bundle/Contents/Resources/atelier-heath-dark.min.css /Volumes/SN550-2T/freewind-demos/swiftui-macos-multilanguage-code-editor-demo/build/out/DerivedData/SourcePackages/checkouts/Highlightr/Pod/Assets/styles/atelier-heath-dark.min.css (in target 'Highlightr_Highlightr' from project 'Highlightr')
    cd /Volumes/SN550-2T/freewind-demos/swiftui-macos-multilanguage-code-editor-demo/build/out/DerivedData/SourcePackages/checkouts/Highlightr
    builtin-copy -exclude .DS_Store -exclude CVS -exclude .svn -exclude .git -exclude .hg -resolve-src-symlinks /Volumes/SN550-2T/freewind-demos/swiftui-macos-multilanguage-code-editor-demo/build/out/DerivedData/SourcePackages/checkouts/Highlightr/Pod/Assets/styles/atelier-heath-dark.min.css /Volumes/SN550-2T/freewind-demos/swiftui-macos-multilanguage-code-editor-demo/build/out/Debug/Highlightr_Highlightr.bundle/Contents/Resources

CpResource /Volumes/SN550-2T/freewind-demos/swiftui-macos-multilanguage-code-editor-demo/build/out/Debug/Highlightr_Highlightr.bundle/Contents/Resources/atelier-forest-light.min.css /Volumes/SN550-2T/freewind-demos/swiftui-macos-multilanguage-code-editor-demo/build/out/DerivedData/SourcePackages/checkouts/Highlightr/Pod/Assets/styles/atelier-forest-light.min.css (in target 'Highlightr_Highlightr' from project 'Highlightr')
    cd /Volumes/SN550-2T/freewind-demos/swiftui-macos-multilanguage-code-editor-demo/build/out/DerivedData/SourcePackages/checkouts/Highlightr
    builtin-copy -exclude .DS_Store -exclude CVS -exclude .svn -exclude .git -exclude .hg -resolve-src-symlinks /Volumes/SN550-2T/freewind-demos/swiftui-macos-multilanguage-code-editor-demo/build/out/DerivedData/SourcePackages/checkouts/Highlightr/Pod/Assets/styles/atelier-forest-light.min.css /Volumes/SN550-2T/freewind-demos/swiftui-macos-multilanguage-code-editor-demo/build/out/Debug/Highlightr_Highlightr.bundle/Contents/Resources

CpResource /Volumes/SN550-2T/freewind-demos/swiftui-macos-multilanguage-code-editor-demo/build/out/Debug/Highlightr_Highlightr.bundle/Contents/Resources/atelier-forest-dark.min.css /Volumes/SN550-2T/freewind-demos/swiftui-macos-multilanguage-code-editor-demo/build/out/DerivedData/SourcePackages/checkouts/Highlightr/Pod/Assets/styles/atelier-forest-dark.min.css (in target 'Highlightr_Highlightr' from project 'Highlightr')
    cd /Volumes/SN550-2T/freewind-demos/swiftui-macos-multilanguage-code-editor-demo/build/out/DerivedData/SourcePackages/checkouts/Highlightr
    builtin-copy -exclude .DS_Store -exclude CVS -exclude .svn -exclude .git -exclude .hg -resolve-src-symlinks /Volumes/SN550-2T/freewind-demos/swiftui-macos-multilanguage-code-editor-demo/build/out/DerivedData/SourcePackages/checkouts/Highlightr/Pod/Assets/styles/atelier-forest-dark.min.css /Volumes/SN550-2T/freewind-demos/swiftui-macos-multilanguage-code-editor-demo/build/out/Debug/Highlightr_Highlightr.bundle/Contents/Resources

CpResource /Volumes/SN550-2T/freewind-demos/swiftui-macos-multilanguage-code-editor-demo/build/out/Debug/Highlightr_Highlightr.bundle/Contents/Resources/atelier-estuary-light.min.css /Volumes/SN550-2T/freewind-demos/swiftui-macos-multilanguage-code-editor-demo/build/out/DerivedData/SourcePackages/checkouts/Highlightr/Pod/Assets/styles/atelier-estuary-light.min.css (in target 'Highlightr_Highlightr' from project 'Highlightr')
    cd /Volumes/SN550-2T/freewind-demos/swiftui-macos-multilanguage-code-editor-demo/build/out/DerivedData/SourcePackages/checkouts/Highlightr
    builtin-copy -exclude .DS_Store -exclude CVS -exclude .svn -exclude .git -exclude .hg -resolve-src-symlinks /Volumes/SN550-2T/freewind-demos/swiftui-macos-multilanguage-code-editor-demo/build/out/DerivedData/SourcePackages/checkouts/Highlightr/Pod/Assets/styles/atelier-estuary-light.min.css /Volumes/SN550-2T/freewind-demos/swiftui-macos-multilanguage-code-editor-demo/build/out/Debug/Highlightr_Highlightr.bundle/Contents/Resources

CpResource /Volumes/SN550-2T/freewind-demos/swiftui-macos-multilanguage-code-editor-demo/build/out/Debug/Highlightr_Highlightr.bundle/Contents/Resources/atelier-estuary-dark.min.css /Volumes/SN550-2T/freewind-demos/swiftui-macos-multilanguage-code-editor-demo/build/out/DerivedData/SourcePackages/checkouts/Highlightr/Pod/Assets/styles/atelier-estuary-dark.min.css (in target 'Highlightr_Highlightr' from project 'Highlightr')
    cd /Volumes/SN550-2T/freewind-demos/swiftui-macos-multilanguage-code-editor-demo/build/out/DerivedData/SourcePackages/checkouts/Highlightr
    builtin-copy -exclude .DS_Store -exclude CVS -exclude .svn -exclude .git -exclude .hg -resolve-src-symlinks /Volumes/SN550-2T/freewind-demos/swiftui-macos-multilanguage-code-editor-demo/build/out/DerivedData/SourcePackages/checkouts/Highlightr/Pod/Assets/styles/atelier-estuary-dark.min.css /Volumes/SN550-2T/freewind-demos/swiftui-macos-multilanguage-code-editor-demo/build/out/Debug/Highlightr_Highlightr.bundle/Contents/Resources

CpResource /Volumes/SN550-2T/freewind-demos/swiftui-macos-multilanguage-code-editor-demo/build/out/Debug/Highlightr_Highlightr.bundle/Contents/Resources/atelier-dune-light.min.css /Volumes/SN550-2T/freewind-demos/swiftui-macos-multilanguage-code-editor-demo/build/out/DerivedData/SourcePackages/checkouts/Highlightr/Pod/Assets/styles/atelier-dune-light.min.css (in target 'Highlightr_Highlightr' from project 'Highlightr')
    cd /Volumes/SN550-2T/freewind-demos/swiftui-macos-multilanguage-code-editor-demo/build/out/DerivedData/SourcePackages/checkouts/Highlightr
    builtin-copy -exclude .DS_Store -exclude CVS -exclude .svn -exclude .git -exclude .hg -resolve-src-symlinks /Volumes/SN550-2T/freewind-demos/swiftui-macos-multilanguage-code-editor-demo/build/out/DerivedData/SourcePackages/checkouts/Highlightr/Pod/Assets/styles/atelier-dune-light.min.css /Volumes/SN550-2T/freewind-demos/swiftui-macos-multilanguage-code-editor-demo/build/out/Debug/Highlightr_Highlightr.bundle/Contents/Resources

CpResource /Volumes/SN550-2T/freewind-demos/swiftui-macos-multilanguage-code-editor-demo/build/out/Debug/Highlightr_Highlightr.bundle/Contents/Resources/atelier-dune-dark.min.css /Volumes/SN550-2T/freewind-demos/swiftui-macos-multilanguage-code-editor-demo/build/out/DerivedData/SourcePackages/checkouts/Highlightr/Pod/Assets/styles/atelier-dune-dark.min.css (in target 'Highlightr_Highlightr' from project 'Highlightr')
    cd /Volumes/SN550-2T/freewind-demos/swiftui-macos-multilanguage-code-editor-demo/build/out/DerivedData/SourcePackages/checkouts/Highlightr
    builtin-copy -exclude .DS_Store -exclude CVS -exclude .svn -exclude .git -exclude .hg -resolve-src-symlinks /Volumes/SN550-2T/freewind-demos/swiftui-macos-multilanguage-code-editor-demo/build/out/DerivedData/SourcePackages/checkouts/Highlightr/Pod/Assets/styles/atelier-dune-dark.min.css /Volumes/SN550-2T/freewind-demos/swiftui-macos-multilanguage-code-editor-demo/build/out/Debug/Highlightr_Highlightr.bundle/Contents/Resources

CpResource /Volumes/SN550-2T/freewind-demos/swiftui-macos-multilanguage-code-editor-demo/build/out/Debug/Highlightr_Highlightr.bundle/Contents/Resources/atelier-cave-light.min.css /Volumes/SN550-2T/freewind-demos/swiftui-macos-multilanguage-code-editor-demo/build/out/DerivedData/SourcePackages/checkouts/Highlightr/Pod/Assets/styles/atelier-cave-light.min.css (in target 'Highlightr_Highlightr' from project 'Highlightr')
    cd /Volumes/SN550-2T/freewind-demos/swiftui-macos-multilanguage-code-editor-demo/build/out/DerivedData/SourcePackages/checkouts/Highlightr
    builtin-copy -exclude .DS_Store -exclude CVS -exclude .svn -exclude .git -exclude .hg -resolve-src-symlinks /Volumes/SN550-2T/freewind-demos/swiftui-macos-multilanguage-code-editor-demo/build/out/DerivedData/SourcePackages/checkouts/Highlightr/Pod/Assets/styles/atelier-cave-light.min.css /Volumes/SN550-2T/freewind-demos/swiftui-macos-multilanguage-code-editor-demo/build/out/Debug/Highlightr_Highlightr.bundle/Contents/Resources

CpResource /Volumes/SN550-2T/freewind-demos/swiftui-macos-multilanguage-code-editor-demo/build/out/Debug/Highlightr_Highlightr.bundle/Contents/Resources/atelier-cave-dark.min.css /Volumes/SN550-2T/freewind-demos/swiftui-macos-multilanguage-code-editor-demo/build/out/DerivedData/SourcePackages/checkouts/Highlightr/Pod/Assets/styles/atelier-cave-dark.min.css (in target 'Highlightr_Highlightr' from project 'Highlightr')
    cd /Volumes/SN550-2T/freewind-demos/swiftui-macos-multilanguage-code-editor-demo/build/out/DerivedData/SourcePackages/checkouts/Highlightr
    builtin-copy -exclude .DS_Store -exclude CVS -exclude .svn -exclude .git -exclude .hg -resolve-src-symlinks /Volumes/SN550-2T/freewind-demos/swiftui-macos-multilanguage-code-editor-demo/build/out/DerivedData/SourcePackages/checkouts/Highlightr/Pod/Assets/styles/atelier-cave-dark.min.css /Volumes/SN550-2T/freewind-demos/swiftui-macos-multilanguage-code-editor-demo/build/out/Debug/Highlightr_Highlightr.bundle/Contents/Resources

CpResource /Volumes/SN550-2T/freewind-demos/swiftui-macos-multilanguage-code-editor-demo/build/out/Debug/Highlightr_Highlightr.bundle/Contents/Resources/ascetic.min.css /Volumes/SN550-2T/freewind-demos/swiftui-macos-multilanguage-code-editor-demo/build/out/DerivedData/SourcePackages/checkouts/Highlightr/Pod/Assets/styles/ascetic.min.css (in target 'Highlightr_Highlightr' from project 'Highlightr')
    cd /Volumes/SN550-2T/freewind-demos/swiftui-macos-multilanguage-code-editor-demo/build/out/DerivedData/SourcePackages/checkouts/Highlightr
    builtin-copy -exclude .DS_Store -exclude CVS -exclude .svn -exclude .git -exclude .hg -resolve-src-symlinks /Volumes/SN550-2T/freewind-demos/swiftui-macos-multilanguage-code-editor-demo/build/out/DerivedData/SourcePackages/checkouts/Highlightr/Pod/Assets/styles/ascetic.min.css /Volumes/SN550-2T/freewind-demos/swiftui-macos-multilanguage-code-editor-demo/build/out/Debug/Highlightr_Highlightr.bundle/Contents/Resources

CpResource /Volumes/SN550-2T/freewind-demos/swiftui-macos-multilanguage-code-editor-demo/build/out/Debug/Highlightr_Highlightr.bundle/Contents/Resources/arta.min.css /Volumes/SN550-2T/freewind-demos/swiftui-macos-multilanguage-code-editor-demo/build/out/DerivedData/SourcePackages/checkouts/Highlightr/Pod/Assets/styles/arta.min.css (in target 'Highlightr_Highlightr' from project 'Highlightr')
    cd /Volumes/SN550-2T/freewind-demos/swiftui-macos-multilanguage-code-editor-demo/build/out/DerivedData/SourcePackages/checkouts/Highlightr
    builtin-copy -exclude .DS_Store -exclude CVS -exclude .svn -exclude .git -exclude .hg -resolve-src-symlinks /Volumes/SN550-2T/freewind-demos/swiftui-macos-multilanguage-code-editor-demo/build/out/DerivedData/SourcePackages/checkouts/Highlightr/Pod/Assets/styles/arta.min.css /Volumes/SN550-2T/freewind-demos/swiftui-macos-multilanguage-code-editor-demo/build/out/Debug/Highlightr_Highlightr.bundle/Contents/Resources

CpResource /Volumes/SN550-2T/freewind-demos/swiftui-macos-multilanguage-code-editor-demo/build/out/Debug/Highlightr_Highlightr.bundle/Contents/Resources/arduino-light.min.css /Volumes/SN550-2T/freewind-demos/swiftui-macos-multilanguage-code-editor-demo/build/out/DerivedData/SourcePackages/checkouts/Highlightr/Pod/Assets/styles/arduino-light.min.css (in target 'Highlightr_Highlightr' from project 'Highlightr')
    cd /Volumes/SN550-2T/freewind-demos/swiftui-macos-multilanguage-code-editor-demo/build/out/DerivedData/SourcePackages/checkouts/Highlightr
    builtin-copy -exclude .DS_Store -exclude CVS -exclude .svn -exclude .git -exclude .hg -resolve-src-symlinks /Volumes/SN550-2T/freewind-demos/swiftui-macos-multilanguage-code-editor-demo/build/out/DerivedData/SourcePackages/checkouts/Highlightr/Pod/Assets/styles/arduino-light.min.css /Volumes/SN550-2T/freewind-demos/swiftui-macos-multilanguage-code-editor-demo/build/out/Debug/Highlightr_Highlightr.bundle/Contents/Resources

CpResource /Volumes/SN550-2T/freewind-demos/swiftui-macos-multilanguage-code-editor-demo/build/out/Debug/Highlightr_Highlightr.bundle/Contents/Resources/an-old-hope.min.css /Volumes/SN550-2T/freewind-demos/swiftui-macos-multilanguage-code-editor-demo/build/out/DerivedData/SourcePackages/checkouts/Highlightr/Pod/Assets/styles/an-old-hope.min.css (in target 'Highlightr_Highlightr' from project 'Highlightr')
    cd /Volumes/SN550-2T/freewind-demos/swiftui-macos-multilanguage-code-editor-demo/build/out/DerivedData/SourcePackages/checkouts/Highlightr
    builtin-copy -exclude .DS_Store -exclude CVS -exclude .svn -exclude .git -exclude .hg -resolve-src-symlinks /Volumes/SN550-2T/freewind-demos/swiftui-macos-multilanguage-code-editor-demo/build/out/DerivedData/SourcePackages/checkouts/Highlightr/Pod/Assets/styles/an-old-hope.min.css /Volumes/SN550-2T/freewind-demos/swiftui-macos-multilanguage-code-editor-demo/build/out/Debug/Highlightr_Highlightr.bundle/Contents/Resources

CpResource /Volumes/SN550-2T/freewind-demos/swiftui-macos-multilanguage-code-editor-demo/build/out/Debug/Highlightr_Highlightr.bundle/Contents/Resources/agate.min.css /Volumes/SN550-2T/freewind-demos/swiftui-macos-multilanguage-code-editor-demo/build/out/DerivedData/SourcePackages/checkouts/Highlightr/Pod/Assets/styles/agate.min.css (in target 'Highlightr_Highlightr' from project 'Highlightr')
    cd /Volumes/SN550-2T/freewind-demos/swiftui-macos-multilanguage-code-editor-demo/build/out/DerivedData/SourcePackages/checkouts/Highlightr
    builtin-copy -exclude .DS_Store -exclude CVS -exclude .svn -exclude .git -exclude .hg -resolve-src-symlinks /Volumes/SN550-2T/freewind-demos/swiftui-macos-multilanguage-code-editor-demo/build/out/DerivedData/SourcePackages/checkouts/Highlightr/Pod/Assets/styles/agate.min.css /Volumes/SN550-2T/freewind-demos/swiftui-macos-multilanguage-code-editor-demo/build/out/Debug/Highlightr_Highlightr.bundle/Contents/Resources

CpResource /Volumes/SN550-2T/freewind-demos/swiftui-macos-multilanguage-code-editor-demo/build/out/Debug/Highlightr_Highlightr.bundle/Contents/Resources/a11y-light.min.css /Volumes/SN550-2T/freewind-demos/swiftui-macos-multilanguage-code-editor-demo/build/out/DerivedData/SourcePackages/checkouts/Highlightr/Pod/Assets/styles/a11y-light.min.css (in target 'Highlightr_Highlightr' from project 'Highlightr')
    cd /Volumes/SN550-2T/freewind-demos/swiftui-macos-multilanguage-code-editor-demo/build/out/DerivedData/SourcePackages/checkouts/Highlightr
    builtin-copy -exclude .DS_Store -exclude CVS -exclude .svn -exclude .git -exclude .hg -resolve-src-symlinks /Volumes/SN550-2T/freewind-demos/swiftui-macos-multilanguage-code-editor-demo/build/out/DerivedData/SourcePackages/checkouts/Highlightr/Pod/Assets/styles/a11y-light.min.css /Volumes/SN550-2T/freewind-demos/swiftui-macos-multilanguage-code-editor-demo/build/out/Debug/Highlightr_Highlightr.bundle/Contents/Resources

CpResource /Volumes/SN550-2T/freewind-demos/swiftui-macos-multilanguage-code-editor-demo/build/out/Debug/Highlightr_Highlightr.bundle/Contents/Resources/androidstudio.min.css /Volumes/SN550-2T/freewind-demos/swiftui-macos-multilanguage-code-editor-demo/build/out/DerivedData/SourcePackages/checkouts/Highlightr/Pod/Assets/styles/androidstudio.min.css (in target 'Highlightr_Highlightr' from project 'Highlightr')
    cd /Volumes/SN550-2T/freewind-demos/swiftui-macos-multilanguage-code-editor-demo/build/out/DerivedData/SourcePackages/checkouts/Highlightr
    builtin-copy -exclude .DS_Store -exclude CVS -exclude .svn -exclude .git -exclude .hg -resolve-src-symlinks /Volumes/SN550-2T/freewind-demos/swiftui-macos-multilanguage-code-editor-demo/build/out/DerivedData/SourcePackages/checkouts/Highlightr/Pod/Assets/styles/androidstudio.min.css /Volumes/SN550-2T/freewind-demos/swiftui-macos-multilanguage-code-editor-demo/build/out/Debug/Highlightr_Highlightr.bundle/Contents/Resources

CpResource /Volumes/SN550-2T/freewind-demos/swiftui-macos-multilanguage-code-editor-demo/build/out/Debug/Highlightr_Highlightr.bundle/Contents/Resources/a11y-dark.min.css /Volumes/SN550-2T/freewind-demos/swiftui-macos-multilanguage-code-editor-demo/build/out/DerivedData/SourcePackages/checkouts/Highlightr/Pod/Assets/styles/a11y-dark.min.css (in target 'Highlightr_Highlightr' from project 'Highlightr')
    cd /Volumes/SN550-2T/freewind-demos/swiftui-macos-multilanguage-code-editor-demo/build/out/DerivedData/SourcePackages/checkouts/Highlightr
    builtin-copy -exclude .DS_Store -exclude CVS -exclude .svn -exclude .git -exclude .hg -resolve-src-symlinks /Volumes/SN550-2T/freewind-demos/swiftui-macos-multilanguage-code-editor-demo/build/out/DerivedData/SourcePackages/checkouts/Highlightr/Pod/Assets/styles/a11y-dark.min.css /Volumes/SN550-2T/freewind-demos/swiftui-macos-multilanguage-code-editor-demo/build/out/Debug/Highlightr_Highlightr.bundle/Contents/Resources

RegisterExecutionPolicyException /Volumes/SN550-2T/freewind-demos/swiftui-macos-multilanguage-code-editor-demo/build/out/Debug/Highlightr_Highlightr.bundle (in target 'Highlightr_Highlightr' from project 'Highlightr')
    cd /Volumes/SN550-2T/freewind-demos/swiftui-macos-multilanguage-code-editor-demo/build/out/DerivedData/SourcePackages/checkouts/Highlightr
    builtin-RegisterExecutionPolicyException /Volumes/SN550-2T/freewind-demos/swiftui-macos-multilanguage-code-editor-demo/build/out/Debug/Highlightr_Highlightr.bundle

Touch /Volumes/SN550-2T/freewind-demos/swiftui-macos-multilanguage-code-editor-demo/build/out/Debug/Highlightr_Highlightr.bundle (in target 'Highlightr_Highlightr' from project 'Highlightr')
    cd /Volumes/SN550-2T/freewind-demos/swiftui-macos-multilanguage-code-editor-demo/build/out/DerivedData/SourcePackages/checkouts/Highlightr
    /usr/bin/touch -c /Volumes/SN550-2T/freewind-demos/swiftui-macos-multilanguage-code-editor-demo/build/out/Debug/Highlightr_Highlightr.bundle

SwiftDriver Highlightr normal x86_64 com.apple.xcode.tools.swift.compiler (in target 'Highlightr' from project 'Highlightr')
    cd /Volumes/SN550-2T/freewind-demos/swiftui-macos-multilanguage-code-editor-demo/SwiftUIMultilanguageCodeEditorDemo.xcodeproj
    builtin-SwiftDriver -- /Applications/Xcode.app/Contents/Developer/Toolchains/XcodeDefault.xctoolchain/usr/bin/swiftc -module-name Highlightr -Onone -enforce-exclusivity\=checked @/Volumes/SN550-2T/freewind-demos/swiftui-macos-multilanguage-code-editor-demo/build/out/DerivedData/Build/Intermediates.noindex/Highlightr.build/Debug/Highlightr.build/Objects-normal/x86_64/Highlightr.SwiftFileList -DSWIFT_PACKAGE -DDEBUG -DSWIFT_MODULE_RESOURCE_BUNDLE_AVAILABLE -DXcode -plugin-path /Applications/Xcode.app/Contents/Developer/Toolchains/XcodeDefault.xctoolchain/usr/lib/swift/host/plugins/testing -enable-experimental-feature DebugDescriptionMacro -sdk /Applications/Xcode.app/Contents/Developer/Platforms/MacOSX.platform/Developer/SDKs/MacOSX26.2.sdk -target x86_64-apple-macos10.15 -g -module-cache-path /Volumes/SN550-2T/freewind-demos/swiftui-macos-multilanguage-code-editor-demo/build/out/DerivedData/ModuleCache.noindex -Xfrontend -serialize-debugging-options -enable-testing -suppress-warnings -index-store-path /Volumes/SN550-2T/freewind-demos/swiftui-macos-multilanguage-code-editor-demo/build/out/DerivedData/Index.noindex/DataStore -Xcc -D_LIBCPP_HARDENING_MODE\=_LIBCPP_HARDENING_MODE_DEBUG -swift-version 5 -I /Volumes/SN550-2T/freewind-demos/swiftui-macos-multilanguage-code-editor-demo/build/out/Debug -Isystem /Applications/Xcode.app/Contents/Developer/Platforms/MacOSX.platform/Developer/usr/lib -F /Volumes/SN550-2T/freewind-demos/swiftui-macos-multilanguage-code-editor-demo/build/out/Debug -F /Applications/Xcode.app/Contents/Developer/Platforms/MacOSX.platform/Developer/Library/Frameworks -c -j12 -enable-batch-mode -incremental -Xcc -ivfsstatcache -Xcc /Volumes/SN550-2T/freewind-demos/swiftui-macos-multilanguage-code-editor-demo/build/out/DerivedData/SDKStatCaches.noindex/macosx26.2-25C58-00fa09913b459cbbc988d1f6730289ae.sdkstatcache -output-file-map /Volumes/SN550-2T/freewind-demos/swiftui-macos-multilanguage-code-editor-demo/build/out/DerivedData/Build/Intermediates.noindex/Highlightr.build/Debug/Highlightr.build/Objects-normal/x86_64/Highlightr-OutputFileMap.json -use-frontend-parseable-output -save-temps -no-color-diagnostics -explicit-module-build -module-cache-path /Volumes/SN550-2T/freewind-demos/swiftui-macos-multilanguage-code-editor-demo/build/out/DerivedData/Build/Intermediates.noindex/SwiftExplicitPrecompiledModules -clang-scanner-module-cache-path /Volumes/SN550-2T/freewind-demos/swiftui-macos-multilanguage-code-editor-demo/build/out/DerivedData/ModuleCache.noindex -sdk-module-cache-path /Volumes/SN550-2T/freewind-demos/swiftui-macos-multilanguage-code-editor-demo/build/out/DerivedData/ModuleCache.noindex -serialize-diagnostics -emit-dependencies -emit-module -emit-module-path /Volumes/SN550-2T/freewind-demos/swiftui-macos-multilanguage-code-editor-demo/build/out/DerivedData/Build/Intermediates.noindex/Highlightr.build/Debug/Highlightr.build/Objects-normal/x86_64/Highlightr.swiftmodule -validate-clang-modules-once -clang-build-session-file /Volumes/SN550-2T/freewind-demos/swiftui-macos-multilanguage-code-editor-demo/build/out/DerivedData/ModuleCache.noindex/Session.modulevalidation -package-name highlightr -Xcc -I/Volumes/SN550-2T/freewind-demos/swiftui-macos-multilanguage-code-editor-demo/build/out/DerivedData/Build/Intermediates.noindex/Highlightr.build/Debug/Highlightr.build/swift-overrides.hmap -emit-const-values -Xfrontend -const-gather-protocols-file -Xfrontend /Volumes/SN550-2T/freewind-demos/swiftui-macos-multilanguage-code-editor-demo/build/out/DerivedData/Build/Intermediates.noindex/Highlightr.build/Debug/Highlightr.build/Objects-normal/x86_64/Highlightr_const_extract_protocols.json -Xcc -I/Volumes/SN550-2T/freewind-demos/swiftui-macos-multilanguage-code-editor-demo/build/out/Debug/include -Xcc -I/Volumes/SN550-2T/freewind-demos/swiftui-macos-multilanguage-code-editor-demo/build/out/DerivedData/Build/Intermediates.noindex/Highlightr.build/Debug/Highlightr.build/DerivedSources-normal/x86_64 -Xcc -I/Volumes/SN550-2T/freewind-demos/swiftui-macos-multilanguage-code-editor-demo/build/out/DerivedData/Build/Intermediates.noindex/Highlightr.build/Debug/Highlightr.build/DerivedSources/x86_64 -Xcc -I/Volumes/SN550-2T/freewind-demos/swiftui-macos-multilanguage-code-editor-demo/build/out/DerivedData/Build/Intermediates.noindex/Highlightr.build/Debug/Highlightr.build/DerivedSources -Xcc -DSWIFT_PACKAGE -Xcc -DDEBUG\=1 -emit-objc-header -emit-objc-header-path /Volumes/SN550-2T/freewind-demos/swiftui-macos-multilanguage-code-editor-demo/build/out/DerivedData/Build/Intermediates.noindex/Highlightr.build/Debug/Highlightr.build/Objects-normal/x86_64/Highlightr-Swift.h -working-directory /Volumes/SN550-2T/freewind-demos/swiftui-macos-multilanguage-code-editor-demo/SwiftUIMultilanguageCodeEditorDemo.xcodeproj -experimental-emit-module-separately -disable-cmo

SwiftExplicitDependencyGeneratePcm x86_64 /Volumes/SN550-2T/freewind-demos/swiftui-macos-multilanguage-code-editor-demo/build/out/DerivedData/ModuleCache.noindex/SwiftShims-1FITY1A6VFNDRNIJACM9LZORA.pcm

SwiftExplicitDependencyGeneratePcm x86_64 /Volumes/SN550-2T/freewind-demos/swiftui-macos-multilanguage-code-editor-demo/build/out/DerivedData/ModuleCache.noindex/_AvailabilityInternal-3WUUC0M4XAJT1MB9V6QY4DHHH.pcm

SwiftExplicitDependencyGeneratePcm x86_64 /Volumes/SN550-2T/freewind-demos/swiftui-macos-multilanguage-code-editor-demo/build/out/DerivedData/ModuleCache.noindex/ptrauth-BLL1TUXYR456KMYCQYH00BLY1.pcm

SwiftExplicitDependencyGeneratePcm x86_64 /Volumes/SN550-2T/freewind-demos/swiftui-macos-multilanguage-code-editor-demo/build/out/DerivedData/ModuleCache.noindex/_Builtin_float-8NLAWUPHSTLQT4SIFACUBK38R.pcm

SwiftExplicitDependencyGeneratePcm x86_64 /Volumes/SN550-2T/freewind-demos/swiftui-macos-multilanguage-code-editor-demo/build/out/DerivedData/ModuleCache.noindex/DeveloperToolsSupport-28O72J0ZKJAOOROROY6PECYE1.pcm

SwiftExplicitDependencyGeneratePcm x86_64 /Volumes/SN550-2T/freewind-demos/swiftui-macos-multilanguage-code-editor-demo/build/out/DerivedData/ModuleCache.noindex/_Builtin_stddef-1HOLUQV8ESAS8VD8K4935KQ8E.pcm

SwiftExplicitDependencyGeneratePcm x86_64 /Volumes/SN550-2T/freewind-demos/swiftui-macos-multilanguage-code-editor-demo/build/out/DerivedData/ModuleCache.noindex/_SwiftConcurrencyShims-A0MCBAMNQJC0YN7BNR6GSAEJ.pcm

SwiftExplicitDependencyGeneratePcm x86_64 /Volumes/SN550-2T/freewind-demos/swiftui-macos-multilanguage-code-editor-demo/build/out/DerivedData/ModuleCache.noindex/ptrcheck-F4W506OU7S07AZUO6KK4H45GX.pcm

SwiftExplicitDependencyGeneratePcm x86_64 /Volumes/SN550-2T/freewind-demos/swiftui-macos-multilanguage-code-editor-demo/build/out/DerivedData/ModuleCache.noindex/_Builtin_stdbool-C65DCPQ8BAKXHDEIKBFLA7SM8.pcm

SwiftExplicitDependencyGeneratePcm x86_64 /Volumes/SN550-2T/freewind-demos/swiftui-macos-multilanguage-code-editor-demo/build/out/DerivedData/ModuleCache.noindex/_Builtin_stdarg-82I41VFRGPUA3B40EF5OLBVTZ.pcm

SwiftExplicitDependencyGeneratePcm x86_64 /Volumes/SN550-2T/freewind-demos/swiftui-macos-multilanguage-code-editor-demo/build/out/DerivedData/ModuleCache.noindex/_DarwinFoundation1-2A45DHL9V2J8GW7LUCD2S2NB9.pcm

SwiftExplicitDependencyGeneratePcm x86_64 /Volumes/SN550-2T/freewind-demos/swiftui-macos-multilanguage-code-editor-demo/build/out/DerivedData/ModuleCache.noindex/_DarwinFoundation2-70Z8QF3X7V2IOL73Q78MX2ADZ.pcm

SwiftExplicitDependencyGeneratePcm x86_64 /Volumes/SN550-2T/freewind-demos/swiftui-macos-multilanguage-code-editor-demo/build/out/DerivedData/ModuleCache.noindex/_Builtin_limits-89VHPN131MD84SQUS44ECHB45.pcm

SwiftExplicitDependencyGeneratePcm x86_64 /Volumes/SN550-2T/freewind-demos/swiftui-macos-multilanguage-code-editor-demo/build/out/DerivedData/ModuleCache.noindex/_Builtin_tgmath-65290J50CVZ80ONQVNWRV4OST.pcm

SwiftExplicitDependencyGeneratePcm x86_64 /Volumes/SN550-2T/freewind-demos/swiftui-macos-multilanguage-code-editor-demo/build/out/DerivedData/ModuleCache.noindex/sys_types-CIWO0KHD6JPP3R9USU6XY02HB.pcm

SwiftExplicitDependencyGeneratePcm x86_64 /Volumes/SN550-2T/freewind-demos/swiftui-macos-multilanguage-code-editor-demo/build/out/DerivedData/ModuleCache.noindex/_Builtin_stdint-DCNVBG8HTXTEE0ETTQBNVUKXF.pcm

SwiftExplicitDependencyGeneratePcm x86_64 /Volumes/SN550-2T/freewind-demos/swiftui-macos-multilanguage-code-editor-demo/build/out/DerivedData/ModuleCache.noindex/OpenGL-9HZRS9N7EOM7WGDQJF09D0UA3.pcm

SwiftExplicitDependencyGeneratePcm x86_64 /Volumes/SN550-2T/freewind-demos/swiftui-macos-multilanguage-code-editor-demo/build/out/DerivedData/ModuleCache.noindex/_DarwinFoundation3-8B6L56EC1TJUB093GY8MRVODK.pcm

SwiftExplicitDependencyGeneratePcm x86_64 /Volumes/SN550-2T/freewind-demos/swiftui-macos-multilanguage-code-editor-demo/build/out/DerivedData/ModuleCache.noindex/libDER-C20LUYWNFWKASG4VBAAOJTT8M.pcm

SwiftExplicitDependencyGeneratePcm x86_64 /Volumes/SN550-2T/freewind-demos/swiftui-macos-multilanguage-code-editor-demo/build/out/DerivedData/ModuleCache.noindex/_Builtin_stdatomic-4QV4PKJ5KFZPHOKC4QGVG6LO.pcm

SwiftExplicitDependencyGeneratePcm x86_64 /Volumes/SN550-2T/freewind-demos/swiftui-macos-multilanguage-code-editor-demo/build/out/DerivedData/ModuleCache.noindex/_Builtin_inttypes-V71N8J1BKB3AQP9R2TCDSOFC.pcm

SwiftExplicitDependencyGeneratePcm x86_64 /Volumes/SN550-2T/freewind-demos/swiftui-macos-multilanguage-code-editor-demo/build/out/DerivedData/ModuleCache.noindex/_Builtin_intrinsics-48OZ6DPW68GZSDDU6R46UKBC2.pcm

SwiftExplicitDependencyGeneratePcm x86_64 /Volumes/SN550-2T/freewind-demos/swiftui-macos-multilanguage-code-editor-demo/build/out/DerivedData/ModuleCache.noindex/Darwin-DLTZWXS45BXFXGKH0WGMTLSJ.pcm

SwiftExplicitDependencyGeneratePcm x86_64 /Volumes/SN550-2T/freewind-demos/swiftui-macos-multilanguage-code-editor-demo/build/out/DerivedData/ModuleCache.noindex/simd-BAJ6IAKVQ4ZBB7Y67MNZGKDAE.pcm

SwiftExplicitDependencyGeneratePcm x86_64 /Volumes/SN550-2T/freewind-demos/swiftui-macos-multilanguage-code-editor-demo/build/out/DerivedData/ModuleCache.noindex/libkern-6LJSHVZM7YSYW17RG8EK0X7LJ.pcm

SwiftExplicitDependencyGeneratePcm x86_64 /Volumes/SN550-2T/freewind-demos/swiftui-macos-multilanguage-code-editor-demo/build/out/DerivedData/ModuleCache.noindex/CUPS-94DDRL9Q4HR87GMW5WBINC8W5.pcm

SwiftExplicitDependencyGeneratePcm x86_64 /Volumes/SN550-2T/freewind-demos/swiftui-macos-multilanguage-code-editor-demo/build/out/DerivedData/ModuleCache.noindex/launch-2OS1LHSU8EWFPAYI88X2JDCTB.pcm

SwiftExplicitDependencyGeneratePcm x86_64 /Volumes/SN550-2T/freewind-demos/swiftui-macos-multilanguage-code-editor-demo/build/out/DerivedData/ModuleCache.noindex/MachO-E7BLKWYBBHBXGVURWFE76VHF1.pcm

SwiftExplicitDependencyGeneratePcm x86_64 /Volumes/SN550-2T/freewind-demos/swiftui-macos-multilanguage-code-editor-demo/build/out/DerivedData/ModuleCache.noindex/ObjectiveC-5R2EHESC84BC5QQPFLWV7GSCV.pcm

SwiftExplicitDependencyGeneratePcm x86_64 /Volumes/SN550-2T/freewind-demos/swiftui-macos-multilanguage-code-editor-demo/build/out/DerivedData/ModuleCache.noindex/os_object-BF30VYTIWHXGIYYW0V1Z6Q3A2.pcm

SwiftExplicitDependencyGeneratePcm x86_64 /Volumes/SN550-2T/freewind-demos/swiftui-macos-multilanguage-code-editor-demo/build/out/DerivedData/ModuleCache.noindex/os_workgroup-23I1KJ4FRFEZFJ4P4QUD2LUMQ.pcm

SwiftExplicitDependencyGeneratePcm x86_64 /Volumes/SN550-2T/freewind-demos/swiftui-macos-multilanguage-code-editor-demo/build/out/DerivedData/ModuleCache.noindex/Dispatch-AAA4TOP3XAGGKAXKMPIKZNSGG.pcm

SwiftExplicitDependencyGeneratePcm x86_64 /Volumes/SN550-2T/freewind-demos/swiftui-macos-multilanguage-code-editor-demo/build/out/DerivedData/ModuleCache.noindex/XPC-3BFCPNNWSYP7X1123NKXF97ID.pcm

SwiftExplicitDependencyGeneratePcm x86_64 /Volumes/SN550-2T/freewind-demos/swiftui-macos-multilanguage-code-editor-demo/build/out/DerivedData/ModuleCache.noindex/CoreFoundation-BYXSV1K283ZU40RSEOL0QBD8F.pcm

SwiftExplicitDependencyGeneratePcm x86_64 /Volumes/SN550-2T/freewind-demos/swiftui-macos-multilanguage-code-editor-demo/build/out/DerivedData/ModuleCache.noindex/os-ATX7EBWU6D4QSGF3TVRUL5Q2L.pcm

SwiftExplicitDependencyGeneratePcm x86_64 /Volumes/SN550-2T/freewind-demos/swiftui-macos-multilanguage-code-editor-demo/build/out/DerivedData/ModuleCache.noindex/CFNetwork-B89FZ14URZW25SR2IPUWTD14W.pcm

SwiftExplicitDependencyGeneratePcm x86_64 /Volumes/SN550-2T/freewind-demos/swiftui-macos-multilanguage-code-editor-demo/build/out/DerivedData/ModuleCache.noindex/Security-414BR4GZ9P3E28ET9TR5JAD4B.pcm

SwiftExplicitDependencyGeneratePcm x86_64 /Volumes/SN550-2T/freewind-demos/swiftui-macos-multilanguage-code-editor-demo/build/out/DerivedData/ModuleCache.noindex/ColorSync-4B33CRKY9GL2BHOHBEPKRJY9V.pcm

SwiftExplicitDependencyGeneratePcm x86_64 /Volumes/SN550-2T/freewind-demos/swiftui-macos-multilanguage-code-editor-demo/build/out/DerivedData/ModuleCache.noindex/IOKit-BS6NCRP6T4984UL9NHZNXP59U.pcm

SwiftExplicitDependencyGeneratePcm x86_64 /Volumes/SN550-2T/freewind-demos/swiftui-macos-multilanguage-code-editor-demo/build/out/DerivedData/ModuleCache.noindex/DiskArbitration-B88KHAPO15VFGZLP5BMFCZUMB.pcm

SwiftExplicitDependencyGeneratePcm x86_64 /Volumes/SN550-2T/freewind-demos/swiftui-macos-multilanguage-code-editor-demo/build/out/DerivedData/ModuleCache.noindex/CoreGraphics-CPB3GOEJUYI9F93U9VVM4H0VF.pcm

SwiftExplicitDependencyGeneratePcm x86_64 /Volumes/SN550-2T/freewind-demos/swiftui-macos-multilanguage-code-editor-demo/build/out/DerivedData/ModuleCache.noindex/CoreServices-4DNDJOA6KDSBVGTSNJKWHV39W.pcm

SwiftExplicitDependencyGeneratePcm x86_64 /Volumes/SN550-2T/freewind-demos/swiftui-macos-multilanguage-code-editor-demo/build/out/DerivedData/ModuleCache.noindex/ImageIO-6WGDTCF5QS9A3IJT20QEQGXJ4.pcm

SwiftExplicitDependencyGeneratePcm x86_64 /Volumes/SN550-2T/freewind-demos/swiftui-macos-multilanguage-code-editor-demo/build/out/DerivedData/ModuleCache.noindex/CoreText-DLNKUH6A1ZLGRI92RU4UKJQZL.pcm

SwiftExplicitDependencyGeneratePcm x86_64 /Volumes/SN550-2T/freewind-demos/swiftui-macos-multilanguage-code-editor-demo/build/out/DerivedData/ModuleCache.noindex/Foundation-3FH9MRZQS09E3OBX35L79QKI6.pcm

SwiftExplicitDependencyGeneratePcm x86_64 /Volumes/SN550-2T/freewind-demos/swiftui-macos-multilanguage-code-editor-demo/build/out/DerivedData/ModuleCache.noindex/IOSurface-AH70JQJBQSNTIGMGQ8U4BTX8P.pcm

SwiftExplicitDependencyGeneratePcm x86_64 /Volumes/SN550-2T/freewind-demos/swiftui-macos-multilanguage-code-editor-demo/build/out/DerivedData/ModuleCache.noindex/Accessibility-6AXG5A4U38IA658LL1JNVLTKJ.pcm

SwiftExplicitDependencyGeneratePcm x86_64 /Volumes/SN550-2T/freewind-demos/swiftui-macos-multilanguage-code-editor-demo/build/out/DerivedData/ModuleCache.noindex/ApplicationServices-21KSLZ1NMPNOWLK87IFU801PI.pcm

SwiftExplicitDependencyGeneratePcm x86_64 /Volumes/SN550-2T/freewind-demos/swiftui-macos-multilanguage-code-editor-demo/build/out/DerivedData/ModuleCache.noindex/DataDetection-BFOU9PPLWD3NBJM5V771AQDEY.pcm

SwiftExplicitDependencyGeneratePcm x86_64 /Volumes/SN550-2T/freewind-demos/swiftui-macos-multilanguage-code-editor-demo/build/out/DerivedData/ModuleCache.noindex/OSLog-4AB2DSKACZ80LIGNI1N2IE0QW.pcm

SwiftExplicitDependencyGeneratePcm x86_64 /Volumes/SN550-2T/freewind-demos/swiftui-macos-multilanguage-code-editor-demo/build/out/DerivedData/ModuleCache.noindex/UniformTypeIdentifiers-4X550F9BY44Q6V0BNKAICUMPD.pcm

SwiftExplicitDependencyGeneratePcm x86_64 /Volumes/SN550-2T/freewind-demos/swiftui-macos-multilanguage-code-editor-demo/build/out/DerivedData/ModuleCache.noindex/JavaScriptCore-3U2XLB57JXMTB3PSO9BLBWKFY.pcm

SwiftExplicitDependencyGeneratePcm x86_64 /Volumes/SN550-2T/freewind-demos/swiftui-macos-multilanguage-code-editor-demo/build/out/DerivedData/ModuleCache.noindex/Symbols-F424GCRUQBM8L26HWDN0WOJCM.pcm

SwiftExplicitDependencyGeneratePcm x86_64 /Volumes/SN550-2T/freewind-demos/swiftui-macos-multilanguage-code-editor-demo/build/out/DerivedData/ModuleCache.noindex/CoreTransferable-8N0Y28647SIIAVPMEIMQQXEEA.pcm

SwiftExplicitDependencyGeneratePcm x86_64 /Volumes/SN550-2T/freewind-demos/swiftui-macos-multilanguage-code-editor-demo/build/out/DerivedData/ModuleCache.noindex/CoreData-37VFRYUL6PSWH8MWFPM1M7Q7R.pcm

SwiftExplicitDependencyGeneratePcm x86_64 /Volumes/SN550-2T/freewind-demos/swiftui-macos-multilanguage-code-editor-demo/build/out/DerivedData/ModuleCache.noindex/Metal-1PUV78118I5YGTBBYXIRDS08P.pcm

SwiftExplicitDependencyGeneratePcm x86_64 /Volumes/SN550-2T/freewind-demos/swiftui-macos-multilanguage-code-editor-demo/build/out/DerivedData/ModuleCache.noindex/CoreVideo-791ZO29I9IMKQ87DSZQR8E07I.pcm

SwiftExplicitDependencyGeneratePcm x86_64 /Volumes/SN550-2T/freewind-demos/swiftui-macos-multilanguage-code-editor-demo/build/out/DerivedData/ModuleCache.noindex/CoreImage-60XOYBV6919M0VTS16CLDJHIG.pcm

SwiftExplicitDependencyGeneratePcm x86_64 /Volumes/SN550-2T/freewind-demos/swiftui-macos-multilanguage-code-editor-demo/build/out/DerivedData/ModuleCache.noindex/QuartzCore-8WFKN1D21XZATNRYAYX6HMEQG.pcm

SwiftExplicitDependencyGeneratePcm x86_64 /Volumes/SN550-2T/freewind-demos/swiftui-macos-multilanguage-code-editor-demo/build/out/DerivedData/ModuleCache.noindex/SwiftUICore-A1CZ0D4BBK7DJ7ODG0WKNZX2X.pcm

SwiftExplicitDependencyGeneratePcm x86_64 /Volumes/SN550-2T/freewind-demos/swiftui-macos-multilanguage-code-editor-demo/build/out/DerivedData/ModuleCache.noindex/AppKit-VXHNJZBRU0TPD3NUZLIBKQWA.pcm

SwiftCompile normal x86_64 Compiling\ CodeAttributedString.swift /Volumes/SN550-2T/freewind-demos/swiftui-macos-multilanguage-code-editor-demo/build/out/DerivedData/SourcePackages/checkouts/Highlightr/Pod/Classes/CodeAttributedString.swift (in target 'Highlightr' from project 'Highlightr')

SwiftCompile normal x86_64 /Volumes/SN550-2T/freewind-demos/swiftui-macos-multilanguage-code-editor-demo/build/out/DerivedData/SourcePackages/checkouts/Highlightr/Pod/Classes/CodeAttributedString.swift (in target 'Highlightr' from project 'Highlightr')
    cd /Volumes/SN550-2T/freewind-demos/swiftui-macos-multilanguage-code-editor-demo/SwiftUIMultilanguageCodeEditorDemo.xcodeproj
    

SwiftCompile normal x86_64 Compiling\ HTMLUtils.swift /Volumes/SN550-2T/freewind-demos/swiftui-macos-multilanguage-code-editor-demo/build/out/DerivedData/SourcePackages/checkouts/Highlightr/Pod/Classes/HTMLUtils.swift (in target 'Highlightr' from project 'Highlightr')

SwiftCompile normal x86_64 /Volumes/SN550-2T/freewind-demos/swiftui-macos-multilanguage-code-editor-demo/build/out/DerivedData/SourcePackages/checkouts/Highlightr/Pod/Classes/HTMLUtils.swift (in target 'Highlightr' from project 'Highlightr')
    cd /Volumes/SN550-2T/freewind-demos/swiftui-macos-multilanguage-code-editor-demo/SwiftUIMultilanguageCodeEditorDemo.xcodeproj
    

SwiftCompile normal x86_64 Compiling\ Shims.swift /Volumes/SN550-2T/freewind-demos/swiftui-macos-multilanguage-code-editor-demo/build/out/DerivedData/SourcePackages/checkouts/Highlightr/Pod/Classes/Shims.swift (in target 'Highlightr' from project 'Highlightr')

SwiftCompile normal x86_64 /Volumes/SN550-2T/freewind-demos/swiftui-macos-multilanguage-code-editor-demo/build/out/DerivedData/SourcePackages/checkouts/Highlightr/Pod/Classes/Shims.swift (in target 'Highlightr' from project 'Highlightr')
    cd /Volumes/SN550-2T/freewind-demos/swiftui-macos-multilanguage-code-editor-demo/SwiftUIMultilanguageCodeEditorDemo.xcodeproj
    

SwiftEmitModule normal x86_64 Emitting\ module\ for\ Highlightr (in target 'Highlightr' from project 'Highlightr')

EmitSwiftModule normal x86_64 (in target 'Highlightr' from project 'Highlightr')
    cd /Volumes/SN550-2T/freewind-demos/swiftui-macos-multilanguage-code-editor-demo/SwiftUIMultilanguageCodeEditorDemo.xcodeproj
    

SwiftCompile normal x86_64 Compiling\ resource_bundle_accessor.swift /Volumes/SN550-2T/freewind-demos/swiftui-macos-multilanguage-code-editor-demo/build/out/DerivedData/Build/Intermediates.noindex/Highlightr.build/Debug/Highlightr.build/DerivedSources/resource_bundle_accessor.swift (in target 'Highlightr' from project 'Highlightr')

SwiftCompile normal x86_64 /Volumes/SN550-2T/freewind-demos/swiftui-macos-multilanguage-code-editor-demo/build/out/DerivedData/Build/Intermediates.noindex/Highlightr.build/Debug/Highlightr.build/DerivedSources/resource_bundle_accessor.swift (in target 'Highlightr' from project 'Highlightr')
    cd /Volumes/SN550-2T/freewind-demos/swiftui-macos-multilanguage-code-editor-demo/SwiftUIMultilanguageCodeEditorDemo.xcodeproj
    

SwiftCompile normal x86_64 Compiling\ Highlightr.swift /Volumes/SN550-2T/freewind-demos/swiftui-macos-multilanguage-code-editor-demo/build/out/DerivedData/SourcePackages/checkouts/Highlightr/Pod/Classes/Highlightr.swift (in target 'Highlightr' from project 'Highlightr')

SwiftCompile normal x86_64 /Volumes/SN550-2T/freewind-demos/swiftui-macos-multilanguage-code-editor-demo/build/out/DerivedData/SourcePackages/checkouts/Highlightr/Pod/Classes/Highlightr.swift (in target 'Highlightr' from project 'Highlightr')
    cd /Volumes/SN550-2T/freewind-demos/swiftui-macos-multilanguage-code-editor-demo/SwiftUIMultilanguageCodeEditorDemo.xcodeproj
    

SwiftCompile normal x86_64 Compiling\ Theme.swift /Volumes/SN550-2T/freewind-demos/swiftui-macos-multilanguage-code-editor-demo/build/out/DerivedData/SourcePackages/checkouts/Highlightr/Pod/Classes/Theme.swift (in target 'Highlightr' from project 'Highlightr')

SwiftCompile normal x86_64 /Volumes/SN550-2T/freewind-demos/swiftui-macos-multilanguage-code-editor-demo/build/out/DerivedData/SourcePackages/checkouts/Highlightr/Pod/Classes/Theme.swift (in target 'Highlightr' from project 'Highlightr')
    cd /Volumes/SN550-2T/freewind-demos/swiftui-macos-multilanguage-code-editor-demo/SwiftUIMultilanguageCodeEditorDemo.xcodeproj
    

SwiftDriverJobDiscovery normal x86_64 Emitting module for Highlightr (in target 'Highlightr' from project 'Highlightr')

SwiftDriver\ Compilation\ Requirements Highlightr normal x86_64 com.apple.xcode.tools.swift.compiler (in target 'Highlightr' from project 'Highlightr')
    cd /Volumes/SN550-2T/freewind-demos/swiftui-macos-multilanguage-code-editor-demo/SwiftUIMultilanguageCodeEditorDemo.xcodeproj
    builtin-Swift-Compilation-Requirements -- /Applications/Xcode.app/Contents/Developer/Toolchains/XcodeDefault.xctoolchain/usr/bin/swiftc -module-name Highlightr -Onone -enforce-exclusivity\=checked @/Volumes/SN550-2T/freewind-demos/swiftui-macos-multilanguage-code-editor-demo/build/out/DerivedData/Build/Intermediates.noindex/Highlightr.build/Debug/Highlightr.build/Objects-normal/x86_64/Highlightr.SwiftFileList -DSWIFT_PACKAGE -DDEBUG -DSWIFT_MODULE_RESOURCE_BUNDLE_AVAILABLE -DXcode -plugin-path /Applications/Xcode.app/Contents/Developer/Toolchains/XcodeDefault.xctoolchain/usr/lib/swift/host/plugins/testing -enable-experimental-feature DebugDescriptionMacro -sdk /Applications/Xcode.app/Contents/Developer/Platforms/MacOSX.platform/Developer/SDKs/MacOSX26.2.sdk -target x86_64-apple-macos10.15 -g -module-cache-path /Volumes/SN550-2T/freewind-demos/swiftui-macos-multilanguage-code-editor-demo/build/out/DerivedData/ModuleCache.noindex -Xfrontend -serialize-debugging-options -enable-testing -suppress-warnings -index-store-path /Volumes/SN550-2T/freewind-demos/swiftui-macos-multilanguage-code-editor-demo/build/out/DerivedData/Index.noindex/DataStore -Xcc -D_LIBCPP_HARDENING_MODE\=_LIBCPP_HARDENING_MODE_DEBUG -swift-version 5 -I /Volumes/SN550-2T/freewind-demos/swiftui-macos-multilanguage-code-editor-demo/build/out/Debug -Isystem /Applications/Xcode.app/Contents/Developer/Platforms/MacOSX.platform/Developer/usr/lib -F /Volumes/SN550-2T/freewind-demos/swiftui-macos-multilanguage-code-editor-demo/build/out/Debug -F /Applications/Xcode.app/Contents/Developer/Platforms/MacOSX.platform/Developer/Library/Frameworks -c -j12 -enable-batch-mode -incremental -Xcc -ivfsstatcache -Xcc /Volumes/SN550-2T/freewind-demos/swiftui-macos-multilanguage-code-editor-demo/build/out/DerivedData/SDKStatCaches.noindex/macosx26.2-25C58-00fa09913b459cbbc988d1f6730289ae.sdkstatcache -output-file-map /Volumes/SN550-2T/freewind-demos/swiftui-macos-multilanguage-code-editor-demo/build/out/DerivedData/Build/Intermediates.noindex/Highlightr.build/Debug/Highlightr.build/Objects-normal/x86_64/Highlightr-OutputFileMap.json -use-frontend-parseable-output -save-temps -no-color-diagnostics -explicit-module-build -module-cache-path /Volumes/SN550-2T/freewind-demos/swiftui-macos-multilanguage-code-editor-demo/build/out/DerivedData/Build/Intermediates.noindex/SwiftExplicitPrecompiledModules -clang-scanner-module-cache-path /Volumes/SN550-2T/freewind-demos/swiftui-macos-multilanguage-code-editor-demo/build/out/DerivedData/ModuleCache.noindex -sdk-module-cache-path /Volumes/SN550-2T/freewind-demos/swiftui-macos-multilanguage-code-editor-demo/build/out/DerivedData/ModuleCache.noindex -serialize-diagnostics -emit-dependencies -emit-module -emit-module-path /Volumes/SN550-2T/freewind-demos/swiftui-macos-multilanguage-code-editor-demo/build/out/DerivedData/Build/Intermediates.noindex/Highlightr.build/Debug/Highlightr.build/Objects-normal/x86_64/Highlightr.swiftmodule -validate-clang-modules-once -clang-build-session-file /Volumes/SN550-2T/freewind-demos/swiftui-macos-multilanguage-code-editor-demo/build/out/DerivedData/ModuleCache.noindex/Session.modulevalidation -package-name highlightr -Xcc -I/Volumes/SN550-2T/freewind-demos/swiftui-macos-multilanguage-code-editor-demo/build/out/DerivedData/Build/Intermediates.noindex/Highlightr.build/Debug/Highlightr.build/swift-overrides.hmap -emit-const-values -Xfrontend -const-gather-protocols-file -Xfrontend /Volumes/SN550-2T/freewind-demos/swiftui-macos-multilanguage-code-editor-demo/build/out/DerivedData/Build/Intermediates.noindex/Highlightr.build/Debug/Highlightr.build/Objects-normal/x86_64/Highlightr_const_extract_protocols.json -Xcc -I/Volumes/SN550-2T/freewind-demos/swiftui-macos-multilanguage-code-editor-demo/build/out/Debug/include -Xcc -I/Volumes/SN550-2T/freewind-demos/swiftui-macos-multilanguage-code-editor-demo/build/out/DerivedData/Build/Intermediates.noindex/Highlightr.build/Debug/Highlightr.build/DerivedSources-normal/x86_64 -Xcc -I/Volumes/SN550-2T/freewind-demos/swiftui-macos-multilanguage-code-editor-demo/build/out/DerivedData/Build/Intermediates.noindex/Highlightr.build/Debug/Highlightr.build/DerivedSources/x86_64 -Xcc -I/Volumes/SN550-2T/freewind-demos/swiftui-macos-multilanguage-code-editor-demo/build/out/DerivedData/Build/Intermediates.noindex/Highlightr.build/Debug/Highlightr.build/DerivedSources -Xcc -DSWIFT_PACKAGE -Xcc -DDEBUG\=1 -emit-objc-header -emit-objc-header-path /Volumes/SN550-2T/freewind-demos/swiftui-macos-multilanguage-code-editor-demo/build/out/DerivedData/Build/Intermediates.noindex/Highlightr.build/Debug/Highlightr.build/Objects-normal/x86_64/Highlightr-Swift.h -working-directory /Volumes/SN550-2T/freewind-demos/swiftui-macos-multilanguage-code-editor-demo/SwiftUIMultilanguageCodeEditorDemo.xcodeproj -experimental-emit-module-separately -disable-cmo

SwiftMergeGeneratedHeaders /Volumes/SN550-2T/freewind-demos/swiftui-macos-multilanguage-code-editor-demo/build/out/DerivedData/Build/Intermediates.noindex/GeneratedModuleMaps/Highlightr-Swift.h /Volumes/SN550-2T/freewind-demos/swiftui-macos-multilanguage-code-editor-demo/build/out/DerivedData/Build/Intermediates.noindex/Highlightr.build/Debug/Highlightr.build/Objects-normal/x86_64/Highlightr-Swift.h (in target 'Highlightr' from project 'Highlightr')
    cd /Volumes/SN550-2T/freewind-demos/swiftui-macos-multilanguage-code-editor-demo/build/out/DerivedData/SourcePackages/checkouts/Highlightr
    builtin-swiftHeaderTool -arch x86_64 /Volumes/SN550-2T/freewind-demos/swiftui-macos-multilanguage-code-editor-demo/build/out/DerivedData/Build/Intermediates.noindex/Highlightr.build/Debug/Highlightr.build/Objects-normal/x86_64/Highlightr-Swift.h -o /Volumes/SN550-2T/freewind-demos/swiftui-macos-multilanguage-code-editor-demo/build/out/DerivedData/Build/Intermediates.noindex/GeneratedModuleMaps/Highlightr-Swift.h

Copy /Volumes/SN550-2T/freewind-demos/swiftui-macos-multilanguage-code-editor-demo/build/out/Debug/Highlightr.swiftmodule/x86_64-apple-macos.swiftdoc /Volumes/SN550-2T/freewind-demos/swiftui-macos-multilanguage-code-editor-demo/build/out/DerivedData/Build/Intermediates.noindex/Highlightr.build/Debug/Highlightr.build/Objects-normal/x86_64/Highlightr.swiftdoc (in target 'Highlightr' from project 'Highlightr')
    cd /Volumes/SN550-2T/freewind-demos/swiftui-macos-multilanguage-code-editor-demo/build/out/DerivedData/SourcePackages/checkouts/Highlightr
    builtin-copy -exclude .DS_Store -exclude CVS -exclude .svn -exclude .git -exclude .hg -resolve-src-symlinks -rename /Volumes/SN550-2T/freewind-demos/swiftui-macos-multilanguage-code-editor-demo/build/out/DerivedData/Build/Intermediates.noindex/Highlightr.build/Debug/Highlightr.build/Objects-normal/x86_64/Highlightr.swiftdoc /Volumes/SN550-2T/freewind-demos/swiftui-macos-multilanguage-code-editor-demo/build/out/Debug/Highlightr.swiftmodule/x86_64-apple-macos.swiftdoc

Copy /Volumes/SN550-2T/freewind-demos/swiftui-macos-multilanguage-code-editor-demo/build/out/Debug/Highlightr.swiftmodule/x86_64-apple-macos.swiftmodule /Volumes/SN550-2T/freewind-demos/swiftui-macos-multilanguage-code-editor-demo/build/out/DerivedData/Build/Intermediates.noindex/Highlightr.build/Debug/Highlightr.build/Objects-normal/x86_64/Highlightr.swiftmodule (in target 'Highlightr' from project 'Highlightr')
    cd /Volumes/SN550-2T/freewind-demos/swiftui-macos-multilanguage-code-editor-demo/build/out/DerivedData/SourcePackages/checkouts/Highlightr
    builtin-copy -exclude .DS_Store -exclude CVS -exclude .svn -exclude .git -exclude .hg -resolve-src-symlinks -rename /Volumes/SN550-2T/freewind-demos/swiftui-macos-multilanguage-code-editor-demo/build/out/DerivedData/Build/Intermediates.noindex/Highlightr.build/Debug/Highlightr.build/Objects-normal/x86_64/Highlightr.swiftmodule /Volumes/SN550-2T/freewind-demos/swiftui-macos-multilanguage-code-editor-demo/build/out/Debug/Highlightr.swiftmodule/x86_64-apple-macos.swiftmodule

Copy /Volumes/SN550-2T/freewind-demos/swiftui-macos-multilanguage-code-editor-demo/build/out/Debug/Highlightr.swiftmodule/Project/x86_64-apple-macos.swiftsourceinfo /Volumes/SN550-2T/freewind-demos/swiftui-macos-multilanguage-code-editor-demo/build/out/DerivedData/Build/Intermediates.noindex/Highlightr.build/Debug/Highlightr.build/Objects-normal/x86_64/Highlightr.swiftsourceinfo (in target 'Highlightr' from project 'Highlightr')
    cd /Volumes/SN550-2T/freewind-demos/swiftui-macos-multilanguage-code-editor-demo/build/out/DerivedData/SourcePackages/checkouts/Highlightr
    builtin-copy -exclude .DS_Store -exclude CVS -exclude .svn -exclude .git -exclude .hg -resolve-src-symlinks -rename /Volumes/SN550-2T/freewind-demos/swiftui-macos-multilanguage-code-editor-demo/build/out/DerivedData/Build/Intermediates.noindex/Highlightr.build/Debug/Highlightr.build/Objects-normal/x86_64/Highlightr.swiftsourceinfo /Volumes/SN550-2T/freewind-demos/swiftui-macos-multilanguage-code-editor-demo/build/out/Debug/Highlightr.swiftmodule/Project/x86_64-apple-macos.swiftsourceinfo

Copy /Volumes/SN550-2T/freewind-demos/swiftui-macos-multilanguage-code-editor-demo/build/out/Debug/Highlightr.swiftmodule/x86_64-apple-macos.abi.json /Volumes/SN550-2T/freewind-demos/swiftui-macos-multilanguage-code-editor-demo/build/out/DerivedData/Build/Intermediates.noindex/Highlightr.build/Debug/Highlightr.build/Objects-normal/x86_64/Highlightr.abi.json (in target 'Highlightr' from project 'Highlightr')
    cd /Volumes/SN550-2T/freewind-demos/swiftui-macos-multilanguage-code-editor-demo/build/out/DerivedData/SourcePackages/checkouts/Highlightr
    builtin-copy -exclude .DS_Store -exclude CVS -exclude .svn -exclude .git -exclude .hg -resolve-src-symlinks -rename /Volumes/SN550-2T/freewind-demos/swiftui-macos-multilanguage-code-editor-demo/build/out/DerivedData/Build/Intermediates.noindex/Highlightr.build/Debug/Highlightr.build/Objects-normal/x86_64/Highlightr.abi.json /Volumes/SN550-2T/freewind-demos/swiftui-macos-multilanguage-code-editor-demo/build/out/Debug/Highlightr.swiftmodule/x86_64-apple-macos.abi.json

SwiftDriver CodeEditor normal x86_64 com.apple.xcode.tools.swift.compiler (in target 'CodeEditor' from project 'CodeEditor')
    cd /Volumes/SN550-2T/freewind-demos/swiftui-macos-multilanguage-code-editor-demo/SwiftUIMultilanguageCodeEditorDemo.xcodeproj
    builtin-SwiftDriver -- /Applications/Xcode.app/Contents/Developer/Toolchains/XcodeDefault.xctoolchain/usr/bin/swiftc -module-name CodeEditor -Onone -enforce-exclusivity\=checked @/Volumes/SN550-2T/freewind-demos/swiftui-macos-multilanguage-code-editor-demo/build/out/DerivedData/Build/Intermediates.noindex/CodeEditor.build/Debug/CodeEditor.build/Objects-normal/x86_64/CodeEditor.SwiftFileList -DSWIFT_PACKAGE -DDEBUG -DSWIFT_MODULE_RESOURCE_BUNDLE_UNAVAILABLE -DXcode -plugin-path /Applications/Xcode.app/Contents/Developer/Toolchains/XcodeDefault.xctoolchain/usr/lib/swift/host/plugins/testing -enable-experimental-feature DebugDescriptionMacro -sdk /Applications/Xcode.app/Contents/Developer/Platforms/MacOSX.platform/Developer/SDKs/MacOSX26.2.sdk -target x86_64-apple-macos10.15 -g -module-cache-path /Volumes/SN550-2T/freewind-demos/swiftui-macos-multilanguage-code-editor-demo/build/out/DerivedData/ModuleCache.noindex -Xfrontend -serialize-debugging-options -enable-testing -suppress-warnings -index-store-path /Volumes/SN550-2T/freewind-demos/swiftui-macos-multilanguage-code-editor-demo/build/out/DerivedData/Index.noindex/DataStore -Xcc -D_LIBCPP_HARDENING_MODE\=_LIBCPP_HARDENING_MODE_DEBUG -swift-version 5 -I /Volumes/SN550-2T/freewind-demos/swiftui-macos-multilanguage-code-editor-demo/build/out/Debug -Isystem /Applications/Xcode.app/Contents/Developer/Platforms/MacOSX.platform/Developer/usr/lib -F /Volumes/SN550-2T/freewind-demos/swiftui-macos-multilanguage-code-editor-demo/build/out/Debug/PackageFrameworks -F /Volumes/SN550-2T/freewind-demos/swiftui-macos-multilanguage-code-editor-demo/build/out/Debug -F /Applications/Xcode.app/Contents/Developer/Platforms/MacOSX.platform/Developer/Library/Frameworks -c -j12 -enable-batch-mode -incremental -Xcc -ivfsstatcache -Xcc /Volumes/SN550-2T/freewind-demos/swiftui-macos-multilanguage-code-editor-demo/build/out/DerivedData/SDKStatCaches.noindex/macosx26.2-25C58-00fa09913b459cbbc988d1f6730289ae.sdkstatcache -output-file-map /Volumes/SN550-2T/freewind-demos/swiftui-macos-multilanguage-code-editor-demo/build/out/DerivedData/Build/Intermediates.noindex/CodeEditor.build/Debug/CodeEditor.build/Objects-normal/x86_64/CodeEditor-OutputFileMap.json -use-frontend-parseable-output -save-temps -no-color-diagnostics -explicit-module-build -module-cache-path /Volumes/SN550-2T/freewind-demos/swiftui-macos-multilanguage-code-editor-demo/build/out/DerivedData/Build/Intermediates.noindex/SwiftExplicitPrecompiledModules -clang-scanner-module-cache-path /Volumes/SN550-2T/freewind-demos/swiftui-macos-multilanguage-code-editor-demo/build/out/DerivedData/ModuleCache.noindex -sdk-module-cache-path /Volumes/SN550-2T/freewind-demos/swiftui-macos-multilanguage-code-editor-demo/build/out/DerivedData/ModuleCache.noindex -serialize-diagnostics -emit-dependencies -emit-module -emit-module-path /Volumes/SN550-2T/freewind-demos/swiftui-macos-multilanguage-code-editor-demo/build/out/DerivedData/Build/Intermediates.noindex/CodeEditor.build/Debug/CodeEditor.build/Objects-normal/x86_64/CodeEditor.swiftmodule -validate-clang-modules-once -clang-build-session-file /Volumes/SN550-2T/freewind-demos/swiftui-macos-multilanguage-code-editor-demo/build/out/DerivedData/ModuleCache.noindex/Session.modulevalidation -package-name codeeditor -Xcc -I/Volumes/SN550-2T/freewind-demos/swiftui-macos-multilanguage-code-editor-demo/build/out/DerivedData/Build/Intermediates.noindex/CodeEditor.build/Debug/CodeEditor.build/swift-overrides.hmap -emit-const-values -Xfrontend -const-gather-protocols-file -Xfrontend /Volumes/SN550-2T/freewind-demos/swiftui-macos-multilanguage-code-editor-demo/build/out/DerivedData/Build/Intermediates.noindex/CodeEditor.build/Debug/CodeEditor.build/Objects-normal/x86_64/CodeEditor_const_extract_protocols.json -Xcc -I/Volumes/SN550-2T/freewind-demos/swiftui-macos-multilanguage-code-editor-demo/build/out/Debug/include -Xcc -I/Volumes/SN550-2T/freewind-demos/swiftui-macos-multilanguage-code-editor-demo/build/out/DerivedData/Build/Intermediates.noindex/CodeEditor.build/Debug/CodeEditor.build/DerivedSources-normal/x86_64 -Xcc -I/Volumes/SN550-2T/freewind-demos/swiftui-macos-multilanguage-code-editor-demo/build/out/DerivedData/Build/Intermediates.noindex/CodeEditor.build/Debug/CodeEditor.build/DerivedSources/x86_64 -Xcc -I/Volumes/SN550-2T/freewind-demos/swiftui-macos-multilanguage-code-editor-demo/build/out/DerivedData/Build/Intermediates.noindex/CodeEditor.build/Debug/CodeEditor.build/DerivedSources -Xcc -DSWIFT_PACKAGE -Xcc -DDEBUG\=1 -emit-objc-header -emit-objc-header-path /Volumes/SN550-2T/freewind-demos/swiftui-macos-multilanguage-code-editor-demo/build/out/DerivedData/Build/Intermediates.noindex/CodeEditor.build/Debug/CodeEditor.build/Objects-normal/x86_64/CodeEditor-Swift.h -working-directory /Volumes/SN550-2T/freewind-demos/swiftui-macos-multilanguage-code-editor-demo/SwiftUIMultilanguageCodeEditorDemo.xcodeproj -experimental-emit-module-separately -disable-cmo

SwiftExplicitDependencyGeneratePcm x86_64 /Volumes/SN550-2T/freewind-demos/swiftui-macos-multilanguage-code-editor-demo/build/out/DerivedData/ModuleCache.noindex/SwiftUI-8WKN4S3EPLU9MPEMM1VS7BTBD.pcm

SwiftExplicitDependencyGeneratePcm x86_64 /Volumes/SN550-2T/freewind-demos/swiftui-macos-multilanguage-code-editor-demo/build/out/DerivedData/ModuleCache.noindex/Spatial-E6D75WYT2NOCF8FDXVGD282F7.pcm

SwiftEmitModule normal x86_64 Emitting\ module\ for\ CodeEditor (in target 'CodeEditor' from project 'CodeEditor')

EmitSwiftModule normal x86_64 (in target 'CodeEditor' from project 'CodeEditor')
    cd /Volumes/SN550-2T/freewind-demos/swiftui-macos-multilanguage-code-editor-demo/SwiftUIMultilanguageCodeEditorDemo.xcodeproj
    

SwiftCompile normal x86_64 Compiling\ ThemeName.swift /Volumes/SN550-2T/freewind-demos/swiftui-macos-multilanguage-code-editor-demo/build/out/DerivedData/SourcePackages/checkouts/CodeEditor/Sources/CodeEditor/ThemeName.swift (in target 'CodeEditor' from project 'CodeEditor')

SwiftCompile normal x86_64 /Volumes/SN550-2T/freewind-demos/swiftui-macos-multilanguage-code-editor-demo/build/out/DerivedData/SourcePackages/checkouts/CodeEditor/Sources/CodeEditor/ThemeName.swift (in target 'CodeEditor' from project 'CodeEditor')
    cd /Volumes/SN550-2T/freewind-demos/swiftui-macos-multilanguage-code-editor-demo/SwiftUIMultilanguageCodeEditorDemo.xcodeproj
    

SwiftCompile normal x86_64 Compiling\ Language.swift /Volumes/SN550-2T/freewind-demos/swiftui-macos-multilanguage-code-editor-demo/build/out/DerivedData/SourcePackages/checkouts/CodeEditor/Sources/CodeEditor/Language.swift (in target 'CodeEditor' from project 'CodeEditor')

SwiftCompile normal x86_64 /Volumes/SN550-2T/freewind-demos/swiftui-macos-multilanguage-code-editor-demo/build/out/DerivedData/SourcePackages/checkouts/CodeEditor/Sources/CodeEditor/Language.swift (in target 'CodeEditor' from project 'CodeEditor')
    cd /Volumes/SN550-2T/freewind-demos/swiftui-macos-multilanguage-code-editor-demo/SwiftUIMultilanguageCodeEditorDemo.xcodeproj
    

SwiftCompile normal x86_64 Compiling\ UXCodeTextView.swift /Volumes/SN550-2T/freewind-demos/swiftui-macos-multilanguage-code-editor-demo/build/out/DerivedData/SourcePackages/checkouts/CodeEditor/Sources/CodeEditor/UXCodeTextView.swift (in target 'CodeEditor' from project 'CodeEditor')

SwiftCompile normal x86_64 /Volumes/SN550-2T/freewind-demos/swiftui-macos-multilanguage-code-editor-demo/build/out/DerivedData/SourcePackages/checkouts/CodeEditor/Sources/CodeEditor/UXCodeTextView.swift (in target 'CodeEditor' from project 'CodeEditor')
    cd /Volumes/SN550-2T/freewind-demos/swiftui-macos-multilanguage-code-editor-demo/SwiftUIMultilanguageCodeEditorDemo.xcodeproj
    

SwiftCompile normal x86_64 Compiling\ TypedString.swift /Volumes/SN550-2T/freewind-demos/swiftui-macos-multilanguage-code-editor-demo/build/out/DerivedData/SourcePackages/checkouts/CodeEditor/Sources/CodeEditor/TypedString.swift (in target 'CodeEditor' from project 'CodeEditor')

SwiftCompile normal x86_64 /Volumes/SN550-2T/freewind-demos/swiftui-macos-multilanguage-code-editor-demo/build/out/DerivedData/SourcePackages/checkouts/CodeEditor/Sources/CodeEditor/TypedString.swift (in target 'CodeEditor' from project 'CodeEditor')
    cd /Volumes/SN550-2T/freewind-demos/swiftui-macos-multilanguage-code-editor-demo/SwiftUIMultilanguageCodeEditorDemo.xcodeproj
    

SwiftCompile normal x86_64 Compiling\ UXCodeTextViewRepresentable.swift /Volumes/SN550-2T/freewind-demos/swiftui-macos-multilanguage-code-editor-demo/build/out/DerivedData/SourcePackages/checkouts/CodeEditor/Sources/CodeEditor/UXCodeTextViewRepresentable.swift (in target 'CodeEditor' from project 'CodeEditor')

SwiftCompile normal x86_64 /Volumes/SN550-2T/freewind-demos/swiftui-macos-multilanguage-code-editor-demo/build/out/DerivedData/SourcePackages/checkouts/CodeEditor/Sources/CodeEditor/UXCodeTextViewRepresentable.swift (in target 'CodeEditor' from project 'CodeEditor')
    cd /Volumes/SN550-2T/freewind-demos/swiftui-macos-multilanguage-code-editor-demo/SwiftUIMultilanguageCodeEditorDemo.xcodeproj
    

SwiftCompile normal x86_64 Compiling\ CodeEditor.swift /Volumes/SN550-2T/freewind-demos/swiftui-macos-multilanguage-code-editor-demo/build/out/DerivedData/SourcePackages/checkouts/CodeEditor/Sources/CodeEditor/CodeEditor.swift (in target 'CodeEditor' from project 'CodeEditor')

SwiftCompile normal x86_64 /Volumes/SN550-2T/freewind-demos/swiftui-macos-multilanguage-code-editor-demo/build/out/DerivedData/SourcePackages/checkouts/CodeEditor/Sources/CodeEditor/CodeEditor.swift (in target 'CodeEditor' from project 'CodeEditor')
    cd /Volumes/SN550-2T/freewind-demos/swiftui-macos-multilanguage-code-editor-demo/SwiftUIMultilanguageCodeEditorDemo.xcodeproj
    

SwiftDriverJobDiscovery normal x86_64 Compiling ThemeName.swift (in target 'CodeEditor' from project 'CodeEditor')

SwiftDriverJobDiscovery normal x86_64 Compiling Language.swift (in target 'CodeEditor' from project 'CodeEditor')

SwiftDriverJobDiscovery normal x86_64 Emitting module for CodeEditor (in target 'CodeEditor' from project 'CodeEditor')

SwiftDriver\ Compilation\ Requirements CodeEditor normal x86_64 com.apple.xcode.tools.swift.compiler (in target 'CodeEditor' from project 'CodeEditor')
    cd /Volumes/SN550-2T/freewind-demos/swiftui-macos-multilanguage-code-editor-demo/SwiftUIMultilanguageCodeEditorDemo.xcodeproj
    builtin-Swift-Compilation-Requirements -- /Applications/Xcode.app/Contents/Developer/Toolchains/XcodeDefault.xctoolchain/usr/bin/swiftc -module-name CodeEditor -Onone -enforce-exclusivity\=checked @/Volumes/SN550-2T/freewind-demos/swiftui-macos-multilanguage-code-editor-demo/build/out/DerivedData/Build/Intermediates.noindex/CodeEditor.build/Debug/CodeEditor.build/Objects-normal/x86_64/CodeEditor.SwiftFileList -DSWIFT_PACKAGE -DDEBUG -DSWIFT_MODULE_RESOURCE_BUNDLE_UNAVAILABLE -DXcode -plugin-path /Applications/Xcode.app/Contents/Developer/Toolchains/XcodeDefault.xctoolchain/usr/lib/swift/host/plugins/testing -enable-experimental-feature DebugDescriptionMacro -sdk /Applications/Xcode.app/Contents/Developer/Platforms/MacOSX.platform/Developer/SDKs/MacOSX26.2.sdk -target x86_64-apple-macos10.15 -g -module-cache-path /Volumes/SN550-2T/freewind-demos/swiftui-macos-multilanguage-code-editor-demo/build/out/DerivedData/ModuleCache.noindex -Xfrontend -serialize-debugging-options -enable-testing -suppress-warnings -index-store-path /Volumes/SN550-2T/freewind-demos/swiftui-macos-multilanguage-code-editor-demo/build/out/DerivedData/Index.noindex/DataStore -Xcc -D_LIBCPP_HARDENING_MODE\=_LIBCPP_HARDENING_MODE_DEBUG -swift-version 5 -I /Volumes/SN550-2T/freewind-demos/swiftui-macos-multilanguage-code-editor-demo/build/out/Debug -Isystem /Applications/Xcode.app/Contents/Developer/Platforms/MacOSX.platform/Developer/usr/lib -F /Volumes/SN550-2T/freewind-demos/swiftui-macos-multilanguage-code-editor-demo/build/out/Debug/PackageFrameworks -F /Volumes/SN550-2T/freewind-demos/swiftui-macos-multilanguage-code-editor-demo/build/out/Debug -F /Applications/Xcode.app/Contents/Developer/Platforms/MacOSX.platform/Developer/Library/Frameworks -c -j12 -enable-batch-mode -incremental -Xcc -ivfsstatcache -Xcc /Volumes/SN550-2T/freewind-demos/swiftui-macos-multilanguage-code-editor-demo/build/out/DerivedData/SDKStatCaches.noindex/macosx26.2-25C58-00fa09913b459cbbc988d1f6730289ae.sdkstatcache -output-file-map /Volumes/SN550-2T/freewind-demos/swiftui-macos-multilanguage-code-editor-demo/build/out/DerivedData/Build/Intermediates.noindex/CodeEditor.build/Debug/CodeEditor.build/Objects-normal/x86_64/CodeEditor-OutputFileMap.json -use-frontend-parseable-output -save-temps -no-color-diagnostics -explicit-module-build -module-cache-path /Volumes/SN550-2T/freewind-demos/swiftui-macos-multilanguage-code-editor-demo/build/out/DerivedData/Build/Intermediates.noindex/SwiftExplicitPrecompiledModules -clang-scanner-module-cache-path /Volumes/SN550-2T/freewind-demos/swiftui-macos-multilanguage-code-editor-demo/build/out/DerivedData/ModuleCache.noindex -sdk-module-cache-path /Volumes/SN550-2T/freewind-demos/swiftui-macos-multilanguage-code-editor-demo/build/out/DerivedData/ModuleCache.noindex -serialize-diagnostics -emit-dependencies -emit-module -emit-module-path /Volumes/SN550-2T/freewind-demos/swiftui-macos-multilanguage-code-editor-demo/build/out/DerivedData/Build/Intermediates.noindex/CodeEditor.build/Debug/CodeEditor.build/Objects-normal/x86_64/CodeEditor.swiftmodule -validate-clang-modules-once -clang-build-session-file /Volumes/SN550-2T/freewind-demos/swiftui-macos-multilanguage-code-editor-demo/build/out/DerivedData/ModuleCache.noindex/Session.modulevalidation -package-name codeeditor -Xcc -I/Volumes/SN550-2T/freewind-demos/swiftui-macos-multilanguage-code-editor-demo/build/out/DerivedData/Build/Intermediates.noindex/CodeEditor.build/Debug/CodeEditor.build/swift-overrides.hmap -emit-const-values -Xfrontend -const-gather-protocols-file -Xfrontend /Volumes/SN550-2T/freewind-demos/swiftui-macos-multilanguage-code-editor-demo/build/out/DerivedData/Build/Intermediates.noindex/CodeEditor.build/Debug/CodeEditor.build/Objects-normal/x86_64/CodeEditor_const_extract_protocols.json -Xcc -I/Volumes/SN550-2T/freewind-demos/swiftui-macos-multilanguage-code-editor-demo/build/out/Debug/include -Xcc -I/Volumes/SN550-2T/freewind-demos/swiftui-macos-multilanguage-code-editor-demo/build/out/DerivedData/Build/Intermediates.noindex/CodeEditor.build/Debug/CodeEditor.build/DerivedSources-normal/x86_64 -Xcc -I/Volumes/SN550-2T/freewind-demos/swiftui-macos-multilanguage-code-editor-demo/build/out/DerivedData/Build/Intermediates.noindex/CodeEditor.build/Debug/CodeEditor.build/DerivedSources/x86_64 -Xcc -I/Volumes/SN550-2T/freewind-demos/swiftui-macos-multilanguage-code-editor-demo/build/out/DerivedData/Build/Intermediates.noindex/CodeEditor.build/Debug/CodeEditor.build/DerivedSources -Xcc -DSWIFT_PACKAGE -Xcc -DDEBUG\=1 -emit-objc-header -emit-objc-header-path /Volumes/SN550-2T/freewind-demos/swiftui-macos-multilanguage-code-editor-demo/build/out/DerivedData/Build/Intermediates.noindex/CodeEditor.build/Debug/CodeEditor.build/Objects-normal/x86_64/CodeEditor-Swift.h -working-directory /Volumes/SN550-2T/freewind-demos/swiftui-macos-multilanguage-code-editor-demo/SwiftUIMultilanguageCodeEditorDemo.xcodeproj -experimental-emit-module-separately -disable-cmo

SwiftMergeGeneratedHeaders /Volumes/SN550-2T/freewind-demos/swiftui-macos-multilanguage-code-editor-demo/build/out/DerivedData/Build/Intermediates.noindex/GeneratedModuleMaps/CodeEditor-Swift.h /Volumes/SN550-2T/freewind-demos/swiftui-macos-multilanguage-code-editor-demo/build/out/DerivedData/Build/Intermediates.noindex/CodeEditor.build/Debug/CodeEditor.build/Objects-normal/x86_64/CodeEditor-Swift.h (in target 'CodeEditor' from project 'CodeEditor')
    cd /Volumes/SN550-2T/freewind-demos/swiftui-macos-multilanguage-code-editor-demo/build/out/DerivedData/SourcePackages/checkouts/CodeEditor
    builtin-swiftHeaderTool -arch x86_64 /Volumes/SN550-2T/freewind-demos/swiftui-macos-multilanguage-code-editor-demo/build/out/DerivedData/Build/Intermediates.noindex/CodeEditor.build/Debug/CodeEditor.build/Objects-normal/x86_64/CodeEditor-Swift.h -o /Volumes/SN550-2T/freewind-demos/swiftui-macos-multilanguage-code-editor-demo/build/out/DerivedData/Build/Intermediates.noindex/GeneratedModuleMaps/CodeEditor-Swift.h

Copy /Volumes/SN550-2T/freewind-demos/swiftui-macos-multilanguage-code-editor-demo/build/out/Debug/CodeEditor.swiftmodule/x86_64-apple-macos.swiftmodule /Volumes/SN550-2T/freewind-demos/swiftui-macos-multilanguage-code-editor-demo/build/out/DerivedData/Build/Intermediates.noindex/CodeEditor.build/Debug/CodeEditor.build/Objects-normal/x86_64/CodeEditor.swiftmodule (in target 'CodeEditor' from project 'CodeEditor')
    cd /Volumes/SN550-2T/freewind-demos/swiftui-macos-multilanguage-code-editor-demo/build/out/DerivedData/SourcePackages/checkouts/CodeEditor
    builtin-copy -exclude .DS_Store -exclude CVS -exclude .svn -exclude .git -exclude .hg -resolve-src-symlinks -rename /Volumes/SN550-2T/freewind-demos/swiftui-macos-multilanguage-code-editor-demo/build/out/DerivedData/Build/Intermediates.noindex/CodeEditor.build/Debug/CodeEditor.build/Objects-normal/x86_64/CodeEditor.swiftmodule /Volumes/SN550-2T/freewind-demos/swiftui-macos-multilanguage-code-editor-demo/build/out/Debug/CodeEditor.swiftmodule/x86_64-apple-macos.swiftmodule

Copy /Volumes/SN550-2T/freewind-demos/swiftui-macos-multilanguage-code-editor-demo/build/out/Debug/CodeEditor.swiftmodule/x86_64-apple-macos.swiftdoc /Volumes/SN550-2T/freewind-demos/swiftui-macos-multilanguage-code-editor-demo/build/out/DerivedData/Build/Intermediates.noindex/CodeEditor.build/Debug/CodeEditor.build/Objects-normal/x86_64/CodeEditor.swiftdoc (in target 'CodeEditor' from project 'CodeEditor')
    cd /Volumes/SN550-2T/freewind-demos/swiftui-macos-multilanguage-code-editor-demo/build/out/DerivedData/SourcePackages/checkouts/CodeEditor
    builtin-copy -exclude .DS_Store -exclude CVS -exclude .svn -exclude .git -exclude .hg -resolve-src-symlinks -rename /Volumes/SN550-2T/freewind-demos/swiftui-macos-multilanguage-code-editor-demo/build/out/DerivedData/Build/Intermediates.noindex/CodeEditor.build/Debug/CodeEditor.build/Objects-normal/x86_64/CodeEditor.swiftdoc /Volumes/SN550-2T/freewind-demos/swiftui-macos-multilanguage-code-editor-demo/build/out/Debug/CodeEditor.swiftmodule/x86_64-apple-macos.swiftdoc

Copy /Volumes/SN550-2T/freewind-demos/swiftui-macos-multilanguage-code-editor-demo/build/out/Debug/CodeEditor.swiftmodule/x86_64-apple-macos.abi.json /Volumes/SN550-2T/freewind-demos/swiftui-macos-multilanguage-code-editor-demo/build/out/DerivedData/Build/Intermediates.noindex/CodeEditor.build/Debug/CodeEditor.build/Objects-normal/x86_64/CodeEditor.abi.json (in target 'CodeEditor' from project 'CodeEditor')
    cd /Volumes/SN550-2T/freewind-demos/swiftui-macos-multilanguage-code-editor-demo/build/out/DerivedData/SourcePackages/checkouts/CodeEditor
    builtin-copy -exclude .DS_Store -exclude CVS -exclude .svn -exclude .git -exclude .hg -resolve-src-symlinks -rename /Volumes/SN550-2T/freewind-demos/swiftui-macos-multilanguage-code-editor-demo/build/out/DerivedData/Build/Intermediates.noindex/CodeEditor.build/Debug/CodeEditor.build/Objects-normal/x86_64/CodeEditor.abi.json /Volumes/SN550-2T/freewind-demos/swiftui-macos-multilanguage-code-editor-demo/build/out/Debug/CodeEditor.swiftmodule/x86_64-apple-macos.abi.json

Copy /Volumes/SN550-2T/freewind-demos/swiftui-macos-multilanguage-code-editor-demo/build/out/Debug/CodeEditor.swiftmodule/Project/x86_64-apple-macos.swiftsourceinfo /Volumes/SN550-2T/freewind-demos/swiftui-macos-multilanguage-code-editor-demo/build/out/DerivedData/Build/Intermediates.noindex/CodeEditor.build/Debug/CodeEditor.build/Objects-normal/x86_64/CodeEditor.swiftsourceinfo (in target 'CodeEditor' from project 'CodeEditor')
    cd /Volumes/SN550-2T/freewind-demos/swiftui-macos-multilanguage-code-editor-demo/build/out/DerivedData/SourcePackages/checkouts/CodeEditor
    builtin-copy -exclude .DS_Store -exclude CVS -exclude .svn -exclude .git -exclude .hg -resolve-src-symlinks -rename /Volumes/SN550-2T/freewind-demos/swiftui-macos-multilanguage-code-editor-demo/build/out/DerivedData/Build/Intermediates.noindex/CodeEditor.build/Debug/CodeEditor.build/Objects-normal/x86_64/CodeEditor.swiftsourceinfo /Volumes/SN550-2T/freewind-demos/swiftui-macos-multilanguage-code-editor-demo/build/out/Debug/CodeEditor.swiftmodule/Project/x86_64-apple-macos.swiftsourceinfo

ProcessProductPackaging "" /Volumes/SN550-2T/freewind-demos/swiftui-macos-multilanguage-code-editor-demo/build/out/DerivedData/Build/Intermediates.noindex/SwiftUIMultilanguageCodeEditorDemo.build/Debug/SwiftUIMultilanguageCodeEditorDemo.build/SwiftUIMultilanguageCodeEditorDemo.app.xcent (in target 'SwiftUIMultilanguageCodeEditorDemo' from project 'SwiftUIMultilanguageCodeEditorDemo')
    cd /Volumes/SN550-2T/freewind-demos/swiftui-macos-multilanguage-code-editor-demo
    
    Entitlements:
    
    {
    "com.apple.security.get-task-allow" = 1;
}
    
    builtin-productPackagingUtility -entitlements -format xml -o /Volumes/SN550-2T/freewind-demos/swiftui-macos-multilanguage-code-editor-demo/build/out/DerivedData/Build/Intermediates.noindex/SwiftUIMultilanguageCodeEditorDemo.build/Debug/SwiftUIMultilanguageCodeEditorDemo.build/SwiftUIMultilanguageCodeEditorDemo.app.xcent

ProcessProductPackagingDER /Volumes/SN550-2T/freewind-demos/swiftui-macos-multilanguage-code-editor-demo/build/out/DerivedData/Build/Intermediates.noindex/SwiftUIMultilanguageCodeEditorDemo.build/Debug/SwiftUIMultilanguageCodeEditorDemo.build/SwiftUIMultilanguageCodeEditorDemo.app.xcent /Volumes/SN550-2T/freewind-demos/swiftui-macos-multilanguage-code-editor-demo/build/out/DerivedData/Build/Intermediates.noindex/SwiftUIMultilanguageCodeEditorDemo.build/Debug/SwiftUIMultilanguageCodeEditorDemo.build/SwiftUIMultilanguageCodeEditorDemo.app.xcent.der (in target 'SwiftUIMultilanguageCodeEditorDemo' from project 'SwiftUIMultilanguageCodeEditorDemo')
    cd /Volumes/SN550-2T/freewind-demos/swiftui-macos-multilanguage-code-editor-demo
    /usr/bin/derq query -f xml -i /Volumes/SN550-2T/freewind-demos/swiftui-macos-multilanguage-code-editor-demo/build/out/DerivedData/Build/Intermediates.noindex/SwiftUIMultilanguageCodeEditorDemo.build/Debug/SwiftUIMultilanguageCodeEditorDemo.build/SwiftUIMultilanguageCodeEditorDemo.app.xcent -o /Volumes/SN550-2T/freewind-demos/swiftui-macos-multilanguage-code-editor-demo/build/out/DerivedData/Build/Intermediates.noindex/SwiftUIMultilanguageCodeEditorDemo.build/Debug/SwiftUIMultilanguageCodeEditorDemo.build/SwiftUIMultilanguageCodeEditorDemo.app.xcent.der --raw

SwiftDriver SwiftUIMultilanguageCodeEditorDemo normal x86_64 com.apple.xcode.tools.swift.compiler (in target 'SwiftUIMultilanguageCodeEditorDemo' from project 'SwiftUIMultilanguageCodeEditorDemo')
    cd /Volumes/SN550-2T/freewind-demos/swiftui-macos-multilanguage-code-editor-demo
    builtin-SwiftDriver -- /Applications/Xcode.app/Contents/Developer/Toolchains/XcodeDefault.xctoolchain/usr/bin/swiftc -module-name SwiftUIMultilanguageCodeEditorDemo -Onone -enforce-exclusivity\=checked @/Volumes/SN550-2T/freewind-demos/swiftui-macos-multilanguage-code-editor-demo/build/out/DerivedData/Build/Intermediates.noindex/SwiftUIMultilanguageCodeEditorDemo.build/Debug/SwiftUIMultilanguageCodeEditorDemo.build/Objects-normal/x86_64/SwiftUIMultilanguageCodeEditorDemo.SwiftFileList -DDEBUG -enable-bare-slash-regex -enable-experimental-feature DebugDescriptionMacro -sdk /Applications/Xcode.app/Contents/Developer/Platforms/MacOSX.platform/Developer/SDKs/MacOSX26.2.sdk -target x86_64-apple-macos14.0 -g -module-cache-path /Volumes/SN550-2T/freewind-demos/swiftui-macos-multilanguage-code-editor-demo/build/out/DerivedData/ModuleCache.noindex -Xfrontend -serialize-debugging-options -enable-testing -index-store-path /Volumes/SN550-2T/freewind-demos/swiftui-macos-multilanguage-code-editor-demo/build/out/DerivedData/Index.noindex/DataStore -Xcc -D_LIBCPP_HARDENING_MODE\=_LIBCPP_HARDENING_MODE_DEBUG -swift-version 5 -I /Volumes/SN550-2T/freewind-demos/swiftui-macos-multilanguage-code-editor-demo/build/out/Debug -F /Volumes/SN550-2T/freewind-demos/swiftui-macos-multilanguage-code-editor-demo/build/out/Debug/PackageFrameworks -F /Volumes/SN550-2T/freewind-demos/swiftui-macos-multilanguage-code-editor-demo/build/out/Debug/PackageFrameworks -F /Volumes/SN550-2T/freewind-demos/swiftui-macos-multilanguage-code-editor-demo/build/out/Debug -c -j12 -enable-batch-mode -incremental -Xcc -ivfsstatcache -Xcc /Volumes/SN550-2T/freewind-demos/swiftui-macos-multilanguage-code-editor-demo/build/out/DerivedData/SDKStatCaches.noindex/macosx26.2-25C58-00fa09913b459cbbc988d1f6730289ae.sdkstatcache -output-file-map /Volumes/SN550-2T/freewind-demos/swiftui-macos-multilanguage-code-editor-demo/build/out/DerivedData/Build/Intermediates.noindex/SwiftUIMultilanguageCodeEditorDemo.build/Debug/SwiftUIMultilanguageCodeEditorDemo.build/Objects-normal/x86_64/SwiftUIMultilanguageCodeEditorDemo-OutputFileMap.json -use-frontend-parseable-output -save-temps -no-color-diagnostics -explicit-module-build -module-cache-path /Volumes/SN550-2T/freewind-demos/swiftui-macos-multilanguage-code-editor-demo/build/out/DerivedData/Build/Intermediates.noindex/SwiftExplicitPrecompiledModules -clang-scanner-module-cache-path /Volumes/SN550-2T/freewind-demos/swiftui-macos-multilanguage-code-editor-demo/build/out/DerivedData/ModuleCache.noindex -sdk-module-cache-path /Volumes/SN550-2T/freewind-demos/swiftui-macos-multilanguage-code-editor-demo/build/out/DerivedData/ModuleCache.noindex -serialize-diagnostics -emit-dependencies -emit-module -emit-module-path /Volumes/SN550-2T/freewind-demos/swiftui-macos-multilanguage-code-editor-demo/build/out/DerivedData/Build/Intermediates.noindex/SwiftUIMultilanguageCodeEditorDemo.build/Debug/SwiftUIMultilanguageCodeEditorDemo.build/Objects-normal/x86_64/SwiftUIMultilanguageCodeEditorDemo.swiftmodule -validate-clang-modules-once -clang-build-session-file /Volumes/SN550-2T/freewind-demos/swiftui-macos-multilanguage-code-editor-demo/build/out/DerivedData/ModuleCache.noindex/Session.modulevalidation -Xcc -I/Volumes/SN550-2T/freewind-demos/swiftui-macos-multilanguage-code-editor-demo/build/out/DerivedData/Build/Intermediates.noindex/SwiftUIMultilanguageCodeEditorDemo.build/Debug/SwiftUIMultilanguageCodeEditorDemo.build/swift-overrides.hmap -emit-const-values -Xfrontend -const-gather-protocols-file -Xfrontend /Volumes/SN550-2T/freewind-demos/swiftui-macos-multilanguage-code-editor-demo/build/out/DerivedData/Build/Intermediates.noindex/SwiftUIMultilanguageCodeEditorDemo.build/Debug/SwiftUIMultilanguageCodeEditorDemo.build/Objects-normal/x86_64/SwiftUIMultilanguageCodeEditorDemo_const_extract_protocols.json -Xcc -iquote -Xcc /Volumes/SN550-2T/freewind-demos/swiftui-macos-multilanguage-code-editor-demo/build/out/DerivedData/Build/Intermediates.noindex/SwiftUIMultilanguageCodeEditorDemo.build/Debug/SwiftUIMultilanguageCodeEditorDemo.build/SwiftUIMultilanguageCodeEditorDemo-generated-files.hmap -Xcc -I/Volumes/SN550-2T/freewind-demos/swiftui-macos-multilanguage-code-editor-demo/build/out/DerivedData/Build/Intermediates.noindex/SwiftUIMultilanguageCodeEditorDemo.build/Debug/SwiftUIMultilanguageCodeEditorDemo.build/SwiftUIMultilanguageCodeEditorDemo-own-target-headers.hmap -Xcc -I/Volumes/SN550-2T/freewind-demos/swiftui-macos-multilanguage-code-editor-demo/build/out/DerivedData/Build/Intermediates.noindex/SwiftUIMultilanguageCodeEditorDemo.build/Debug/SwiftUIMultilanguageCodeEditorDemo.build/SwiftUIMultilanguageCodeEditorDemo-all-non-framework-target-headers.hmap -Xcc -ivfsoverlay -Xcc /Volumes/SN550-2T/freewind-demos/swiftui-macos-multilanguage-code-editor-demo/build/out/DerivedData/Build/Intermediates.noindex/SwiftUIMultilanguageCodeEditorDemo.build/Debug/SwiftUIMultilanguageCodeEditorDemo-5166de08e69a4b826ded072cf8c6ac01-VFS/all-product-headers.yaml -Xcc -iquote -Xcc /Volumes/SN550-2T/freewind-demos/swiftui-macos-multilanguage-code-editor-demo/build/out/DerivedData/Build/Intermediates.noindex/SwiftUIMultilanguageCodeEditorDemo.build/Debug/SwiftUIMultilanguageCodeEditorDemo.build/SwiftUIMultilanguageCodeEditorDemo-project-headers.hmap -Xcc -I/Volumes/SN550-2T/freewind-demos/swiftui-macos-multilanguage-code-editor-demo/build/out/Debug/include -Xcc -I/Volumes/SN550-2T/freewind-demos/swiftui-macos-multilanguage-code-editor-demo/build/out/DerivedData/Build/Intermediates.noindex/SwiftUIMultilanguageCodeEditorDemo.build/Debug/SwiftUIMultilanguageCodeEditorDemo.build/DerivedSources-normal/x86_64 -Xcc -I/Volumes/SN550-2T/freewind-demos/swiftui-macos-multilanguage-code-editor-demo/build/out/DerivedData/Build/Intermediates.noindex/SwiftUIMultilanguageCodeEditorDemo.build/Debug/SwiftUIMultilanguageCodeEditorDemo.build/DerivedSources/x86_64 -Xcc -I/Volumes/SN550-2T/freewind-demos/swiftui-macos-multilanguage-code-editor-demo/build/out/DerivedData/Build/Intermediates.noindex/SwiftUIMultilanguageCodeEditorDemo.build/Debug/SwiftUIMultilanguageCodeEditorDemo.build/DerivedSources -Xcc -DDEBUG\=1 -emit-objc-header -emit-objc-header-path /Volumes/SN550-2T/freewind-demos/swiftui-macos-multilanguage-code-editor-demo/build/out/DerivedData/Build/Intermediates.noindex/SwiftUIMultilanguageCodeEditorDemo.build/Debug/SwiftUIMultilanguageCodeEditorDemo.build/Objects-normal/x86_64/SwiftUIMultilanguageCodeEditorDemo-Swift.h -working-directory /Volumes/SN550-2T/freewind-demos/swiftui-macos-multilanguage-code-editor-demo -experimental-emit-module-separately -disable-cmo

SwiftExplicitDependencyGeneratePcm x86_64 /Volumes/SN550-2T/freewind-demos/swiftui-macos-multilanguage-code-editor-demo/build/out/DerivedData/ModuleCache.noindex/_Builtin_stdarg-7FX6V4MELXXYNS739RN0DNYEL.pcm

SwiftExplicitDependencyGeneratePcm x86_64 /Volumes/SN550-2T/freewind-demos/swiftui-macos-multilanguage-code-editor-demo/build/out/DerivedData/ModuleCache.noindex/_SwiftConcurrencyShims-73NV5XHF1WI0UZS19NYJVRADB.pcm

SwiftExplicitDependencyGeneratePcm x86_64 /Volumes/SN550-2T/freewind-demos/swiftui-macos-multilanguage-code-editor-demo/build/out/DerivedData/ModuleCache.noindex/_AvailabilityInternal-6PQJIKAV2OAE8VFI755VJ568Y.pcm

SwiftExplicitDependencyGeneratePcm x86_64 /Volumes/SN550-2T/freewind-demos/swiftui-macos-multilanguage-code-editor-demo/build/out/DerivedData/ModuleCache.noindex/_Builtin_stdbool-36MIR9RENEOGQM36PG0CRZP0S.pcm

SwiftExplicitDependencyGeneratePcm x86_64 /Volumes/SN550-2T/freewind-demos/swiftui-macos-multilanguage-code-editor-demo/build/out/DerivedData/ModuleCache.noindex/ptrcheck-80TYSGRJYV0L78UTXB60QGP50.pcm

SwiftExplicitDependencyGeneratePcm x86_64 /Volumes/SN550-2T/freewind-demos/swiftui-macos-multilanguage-code-editor-demo/build/out/DerivedData/ModuleCache.noindex/DeveloperToolsSupport-5ATTXULHZC8V4YOL4SOCHXHJ9.pcm

SwiftExplicitDependencyGeneratePcm x86_64 /Volumes/SN550-2T/freewind-demos/swiftui-macos-multilanguage-code-editor-demo/build/out/DerivedData/ModuleCache.noindex/SwiftShims-2HTAM6VDRFNP0XZA2RSICX72X.pcm

SwiftExplicitDependencyGeneratePcm x86_64 /Volumes/SN550-2T/freewind-demos/swiftui-macos-multilanguage-code-editor-demo/build/out/DerivedData/ModuleCache.noindex/_Builtin_float-1UZB956YA3FE9BP7E8HV1XMSN.pcm

SwiftExplicitDependencyGeneratePcm x86_64 /Volumes/SN550-2T/freewind-demos/swiftui-macos-multilanguage-code-editor-demo/build/out/DerivedData/ModuleCache.noindex/_DarwinFoundation1-FIR5QE6D3OYFR6HI4HHL9BK2.pcm

SwiftExplicitDependencyGeneratePcm x86_64 /Volumes/SN550-2T/freewind-demos/swiftui-macos-multilanguage-code-editor-demo/build/out/DerivedData/ModuleCache.noindex/_Builtin_stddef-2STSJ8ZQZABHST46AUTX0RB6R.pcm

SwiftExplicitDependencyGeneratePcm x86_64 /Volumes/SN550-2T/freewind-demos/swiftui-macos-multilanguage-code-editor-demo/build/out/DerivedData/ModuleCache.noindex/ptrauth-30SM3XAXDFKODEHQAMX3VQXG7.pcm

SwiftExplicitDependencyGeneratePcm x86_64 /Volumes/SN550-2T/freewind-demos/swiftui-macos-multilanguage-code-editor-demo/build/out/DerivedData/ModuleCache.noindex/_Builtin_limits-6TBAMFWOU9CU50O0ZV40CJGU7.pcm

SwiftExplicitDependencyGeneratePcm x86_64 /Volumes/SN550-2T/freewind-demos/swiftui-macos-multilanguage-code-editor-demo/build/out/DerivedData/ModuleCache.noindex/_DarwinFoundation2-6IPJQ70COYNVRWZ6NQAZHHMZD.pcm

SwiftExplicitDependencyGeneratePcm x86_64 /Volumes/SN550-2T/freewind-demos/swiftui-macos-multilanguage-code-editor-demo/build/out/DerivedData/ModuleCache.noindex/_Builtin_tgmath-C6TI90HMHY0IL0ODPYRHV0FWB.pcm

SwiftExplicitDependencyGeneratePcm x86_64 /Volumes/SN550-2T/freewind-demos/swiftui-macos-multilanguage-code-editor-demo/build/out/DerivedData/ModuleCache.noindex/_Builtin_stdint-8CX3BSXRJHZ09GCBHHTWXGPH.pcm

SwiftExplicitDependencyGeneratePcm x86_64 /Volumes/SN550-2T/freewind-demos/swiftui-macos-multilanguage-code-editor-demo/build/out/DerivedData/ModuleCache.noindex/sys_types-3VK3TM1IXJY1HTJY0PRD8SKLN.pcm

SwiftExplicitDependencyGeneratePcm x86_64 /Volumes/SN550-2T/freewind-demos/swiftui-macos-multilanguage-code-editor-demo/build/out/DerivedData/ModuleCache.noindex/_Builtin_stdatomic-H5M4N91NYPNC5WWRHIHSLHM9.pcm

SwiftExplicitDependencyGeneratePcm x86_64 /Volumes/SN550-2T/freewind-demos/swiftui-macos-multilanguage-code-editor-demo/build/out/DerivedData/ModuleCache.noindex/libDER-3CU3JN15V9E00Q8KWWC9EHNC0.pcm

SwiftExplicitDependencyGeneratePcm x86_64 /Volumes/SN550-2T/freewind-demos/swiftui-macos-multilanguage-code-editor-demo/build/out/DerivedData/ModuleCache.noindex/_DarwinFoundation3-UN74D7MK2Y3TUN22BOLGMFRG.pcm

SwiftExplicitDependencyGeneratePcm x86_64 /Volumes/SN550-2T/freewind-demos/swiftui-macos-multilanguage-code-editor-demo/build/out/DerivedData/ModuleCache.noindex/OpenGL-4KZ7WS1VH9SNINHQ488P019GN.pcm

SwiftDriverJobDiscovery normal x86_64 Compiling resource_bundle_accessor.swift (in target 'Highlightr' from project 'Highlightr')

SwiftDriverJobDiscovery normal x86_64 Compiling HTMLUtils.swift (in target 'Highlightr' from project 'Highlightr')

SwiftExplicitDependencyGeneratePcm x86_64 /Volumes/SN550-2T/freewind-demos/swiftui-macos-multilanguage-code-editor-demo/build/out/DerivedData/ModuleCache.noindex/_Builtin_intrinsics-3QSOD4TW324K830DRMX8S4DNN.pcm

SwiftExplicitDependencyGeneratePcm x86_64 /Volumes/SN550-2T/freewind-demos/swiftui-macos-multilanguage-code-editor-demo/build/out/DerivedData/ModuleCache.noindex/_Builtin_inttypes-62U9165WCZXDCV0D7NJ18X2TG.pcm

SwiftExplicitDependencyGeneratePcm x86_64 /Volumes/SN550-2T/freewind-demos/swiftui-macos-multilanguage-code-editor-demo/build/out/DerivedData/ModuleCache.noindex/Darwin-UBWUWS5NQR4LJAPS5LEHJHMT.pcm

SwiftExplicitDependencyGeneratePcm x86_64 /Volumes/SN550-2T/freewind-demos/swiftui-macos-multilanguage-code-editor-demo/build/out/DerivedData/ModuleCache.noindex/simd-84NGAZX27488Z1Z5GKPC29KYB.pcm

SwiftExplicitDependencyGeneratePcm x86_64 /Volumes/SN550-2T/freewind-demos/swiftui-macos-multilanguage-code-editor-demo/build/out/DerivedData/ModuleCache.noindex/CUPS-8M5T0CHID60EYJLFS35CTCRBZ.pcm

SwiftExplicitDependencyGeneratePcm x86_64 /Volumes/SN550-2T/freewind-demos/swiftui-macos-multilanguage-code-editor-demo/build/out/DerivedData/ModuleCache.noindex/libkern-2YUGUXVLC0VP64KLSIR8H56X5.pcm

SwiftExplicitDependencyGeneratePcm x86_64 /Volumes/SN550-2T/freewind-demos/swiftui-macos-multilanguage-code-editor-demo/build/out/DerivedData/ModuleCache.noindex/MachO-8OPB2CUEFDHCOXXEPTK7WCC26.pcm

SwiftExplicitDependencyGeneratePcm x86_64 /Volumes/SN550-2T/freewind-demos/swiftui-macos-multilanguage-code-editor-demo/build/out/DerivedData/ModuleCache.noindex/launch-26PZOS51SU4YEZ6UY0FBWO3H.pcm

SwiftExplicitDependencyGeneratePcm x86_64 /Volumes/SN550-2T/freewind-demos/swiftui-macos-multilanguage-code-editor-demo/build/out/DerivedData/ModuleCache.noindex/ObjectiveC-2C8R4CGGUA976QMXDRYMOVRF7.pcm

SwiftExplicitDependencyGeneratePcm x86_64 /Volumes/SN550-2T/freewind-demos/swiftui-macos-multilanguage-code-editor-demo/build/out/DerivedData/ModuleCache.noindex/os_object-LDKB53RO0IILLAO3FM0MWKDN.pcm

SwiftExplicitDependencyGeneratePcm x86_64 /Volumes/SN550-2T/freewind-demos/swiftui-macos-multilanguage-code-editor-demo/build/out/DerivedData/ModuleCache.noindex/os_workgroup-DFEV5U112GLUQP396JDNSCYPW.pcm

SwiftExplicitDependencyGeneratePcm x86_64 /Volumes/SN550-2T/freewind-demos/swiftui-macos-multilanguage-code-editor-demo/build/out/DerivedData/ModuleCache.noindex/Dispatch-21O1BF4UD0O1MCGY5QXE7JYAC.pcm

SwiftExplicitDependencyGeneratePcm x86_64 /Volumes/SN550-2T/freewind-demos/swiftui-macos-multilanguage-code-editor-demo/build/out/DerivedData/ModuleCache.noindex/CoreFoundation-E96N2J51027KU5C1BLV53W1EG.pcm

SwiftExplicitDependencyGeneratePcm x86_64 /Volumes/SN550-2T/freewind-demos/swiftui-macos-multilanguage-code-editor-demo/build/out/DerivedData/ModuleCache.noindex/XPC-8GENMRZ6ZRK057IEUZA8GADNW.pcm

SwiftDriverJobDiscovery normal x86_64 Compiling TypedString.swift (in target 'CodeEditor' from project 'CodeEditor')

SwiftDriverJobDiscovery normal x86_64 Compiling Shims.swift (in target 'Highlightr' from project 'Highlightr')

SwiftExplicitDependencyGeneratePcm x86_64 /Volumes/SN550-2T/freewind-demos/swiftui-macos-multilanguage-code-editor-demo/build/out/DerivedData/ModuleCache.noindex/os-E572CD6C750ASB0LW9I9PYJ80.pcm

SwiftDriverJobDiscovery normal x86_64 Compiling CodeEditor.swift (in target 'CodeEditor' from project 'CodeEditor')

SwiftDriverJobDiscovery normal x86_64 Compiling UXCodeTextViewRepresentable.swift (in target 'CodeEditor' from project 'CodeEditor')

SwiftDriverJobDiscovery normal x86_64 Compiling Highlightr.swift (in target 'Highlightr' from project 'Highlightr')

SwiftExplicitDependencyGeneratePcm x86_64 /Volumes/SN550-2T/freewind-demos/swiftui-macos-multilanguage-code-editor-demo/build/out/DerivedData/ModuleCache.noindex/CFNetwork-32CH7MP883VONPUFK1WORR9CE.pcm

SwiftExplicitDependencyGeneratePcm x86_64 /Volumes/SN550-2T/freewind-demos/swiftui-macos-multilanguage-code-editor-demo/build/out/DerivedData/ModuleCache.noindex/Security-AZ6VNFYF4WNNBGJN8HLEX5EKB.pcm

SwiftExplicitDependencyGeneratePcm x86_64 /Volumes/SN550-2T/freewind-demos/swiftui-macos-multilanguage-code-editor-demo/build/out/DerivedData/ModuleCache.noindex/ColorSync-79FVE6TBVN2IYOZLB28SYXO77.pcm

SwiftExplicitDependencyGeneratePcm x86_64 /Volumes/SN550-2T/freewind-demos/swiftui-macos-multilanguage-code-editor-demo/build/out/DerivedData/ModuleCache.noindex/IOKit-ZNTI5ALG1DZDTLCU227LQ5I5.pcm

SwiftDriverJobDiscovery normal x86_64 Compiling UXCodeTextView.swift (in target 'CodeEditor' from project 'CodeEditor')

SwiftDriver\ Compilation CodeEditor normal x86_64 com.apple.xcode.tools.swift.compiler (in target 'CodeEditor' from project 'CodeEditor')
    cd /Volumes/SN550-2T/freewind-demos/swiftui-macos-multilanguage-code-editor-demo/SwiftUIMultilanguageCodeEditorDemo.xcodeproj
    builtin-Swift-Compilation -- /Applications/Xcode.app/Contents/Developer/Toolchains/XcodeDefault.xctoolchain/usr/bin/swiftc -module-name CodeEditor -Onone -enforce-exclusivity\=checked @/Volumes/SN550-2T/freewind-demos/swiftui-macos-multilanguage-code-editor-demo/build/out/DerivedData/Build/Intermediates.noindex/CodeEditor.build/Debug/CodeEditor.build/Objects-normal/x86_64/CodeEditor.SwiftFileList -DSWIFT_PACKAGE -DDEBUG -DSWIFT_MODULE_RESOURCE_BUNDLE_UNAVAILABLE -DXcode -plugin-path /Applications/Xcode.app/Contents/Developer/Toolchains/XcodeDefault.xctoolchain/usr/lib/swift/host/plugins/testing -enable-experimental-feature DebugDescriptionMacro -sdk /Applications/Xcode.app/Contents/Developer/Platforms/MacOSX.platform/Developer/SDKs/MacOSX26.2.sdk -target x86_64-apple-macos10.15 -g -module-cache-path /Volumes/SN550-2T/freewind-demos/swiftui-macos-multilanguage-code-editor-demo/build/out/DerivedData/ModuleCache.noindex -Xfrontend -serialize-debugging-options -enable-testing -suppress-warnings -index-store-path /Volumes/SN550-2T/freewind-demos/swiftui-macos-multilanguage-code-editor-demo/build/out/DerivedData/Index.noindex/DataStore -Xcc -D_LIBCPP_HARDENING_MODE\=_LIBCPP_HARDENING_MODE_DEBUG -swift-version 5 -I /Volumes/SN550-2T/freewind-demos/swiftui-macos-multilanguage-code-editor-demo/build/out/Debug -Isystem /Applications/Xcode.app/Contents/Developer/Platforms/MacOSX.platform/Developer/usr/lib -F /Volumes/SN550-2T/freewind-demos/swiftui-macos-multilanguage-code-editor-demo/build/out/Debug/PackageFrameworks -F /Volumes/SN550-2T/freewind-demos/swiftui-macos-multilanguage-code-editor-demo/build/out/Debug -F /Applications/Xcode.app/Contents/Developer/Platforms/MacOSX.platform/Developer/Library/Frameworks -c -j12 -enable-batch-mode -incremental -Xcc -ivfsstatcache -Xcc /Volumes/SN550-2T/freewind-demos/swiftui-macos-multilanguage-code-editor-demo/build/out/DerivedData/SDKStatCaches.noindex/macosx26.2-25C58-00fa09913b459cbbc988d1f6730289ae.sdkstatcache -output-file-map /Volumes/SN550-2T/freewind-demos/swiftui-macos-multilanguage-code-editor-demo/build/out/DerivedData/Build/Intermediates.noindex/CodeEditor.build/Debug/CodeEditor.build/Objects-normal/x86_64/CodeEditor-OutputFileMap.json -use-frontend-parseable-output -save-temps -no-color-diagnostics -explicit-module-build -module-cache-path /Volumes/SN550-2T/freewind-demos/swiftui-macos-multilanguage-code-editor-demo/build/out/DerivedData/Build/Intermediates.noindex/SwiftExplicitPrecompiledModules -clang-scanner-module-cache-path /Volumes/SN550-2T/freewind-demos/swiftui-macos-multilanguage-code-editor-demo/build/out/DerivedData/ModuleCache.noindex -sdk-module-cache-path /Volumes/SN550-2T/freewind-demos/swiftui-macos-multilanguage-code-editor-demo/build/out/DerivedData/ModuleCache.noindex -serialize-diagnostics -emit-dependencies -emit-module -emit-module-path /Volumes/SN550-2T/freewind-demos/swiftui-macos-multilanguage-code-editor-demo/build/out/DerivedData/Build/Intermediates.noindex/CodeEditor.build/Debug/CodeEditor.build/Objects-normal/x86_64/CodeEditor.swiftmodule -validate-clang-modules-once -clang-build-session-file /Volumes/SN550-2T/freewind-demos/swiftui-macos-multilanguage-code-editor-demo/build/out/DerivedData/ModuleCache.noindex/Session.modulevalidation -package-name codeeditor -Xcc -I/Volumes/SN550-2T/freewind-demos/swiftui-macos-multilanguage-code-editor-demo/build/out/DerivedData/Build/Intermediates.noindex/CodeEditor.build/Debug/CodeEditor.build/swift-overrides.hmap -emit-const-values -Xfrontend -const-gather-protocols-file -Xfrontend /Volumes/SN550-2T/freewind-demos/swiftui-macos-multilanguage-code-editor-demo/build/out/DerivedData/Build/Intermediates.noindex/CodeEditor.build/Debug/CodeEditor.build/Objects-normal/x86_64/CodeEditor_const_extract_protocols.json -Xcc -I/Volumes/SN550-2T/freewind-demos/swiftui-macos-multilanguage-code-editor-demo/build/out/Debug/include -Xcc -I/Volumes/SN550-2T/freewind-demos/swiftui-macos-multilanguage-code-editor-demo/build/out/DerivedData/Build/Intermediates.noindex/CodeEditor.build/Debug/CodeEditor.build/DerivedSources-normal/x86_64 -Xcc -I/Volumes/SN550-2T/freewind-demos/swiftui-macos-multilanguage-code-editor-demo/build/out/DerivedData/Build/Intermediates.noindex/CodeEditor.build/Debug/CodeEditor.build/DerivedSources/x86_64 -Xcc -I/Volumes/SN550-2T/freewind-demos/swiftui-macos-multilanguage-code-editor-demo/build/out/DerivedData/Build/Intermediates.noindex/CodeEditor.build/Debug/CodeEditor.build/DerivedSources -Xcc -DSWIFT_PACKAGE -Xcc -DDEBUG\=1 -emit-objc-header -emit-objc-header-path /Volumes/SN550-2T/freewind-demos/swiftui-macos-multilanguage-code-editor-demo/build/out/DerivedData/Build/Intermediates.noindex/CodeEditor.build/Debug/CodeEditor.build/Objects-normal/x86_64/CodeEditor-Swift.h -working-directory /Volumes/SN550-2T/freewind-demos/swiftui-macos-multilanguage-code-editor-demo/SwiftUIMultilanguageCodeEditorDemo.xcodeproj -experimental-emit-module-separately -disable-cmo

SwiftDriverJobDiscovery normal x86_64 Compiling Theme.swift (in target 'Highlightr' from project 'Highlightr')

SwiftDriverJobDiscovery normal x86_64 Compiling CodeAttributedString.swift (in target 'Highlightr' from project 'Highlightr')

SwiftDriver\ Compilation Highlightr normal x86_64 com.apple.xcode.tools.swift.compiler (in target 'Highlightr' from project 'Highlightr')
    cd /Volumes/SN550-2T/freewind-demos/swiftui-macos-multilanguage-code-editor-demo/SwiftUIMultilanguageCodeEditorDemo.xcodeproj
    builtin-Swift-Compilation -- /Applications/Xcode.app/Contents/Developer/Toolchains/XcodeDefault.xctoolchain/usr/bin/swiftc -module-name Highlightr -Onone -enforce-exclusivity\=checked @/Volumes/SN550-2T/freewind-demos/swiftui-macos-multilanguage-code-editor-demo/build/out/DerivedData/Build/Intermediates.noindex/Highlightr.build/Debug/Highlightr.build/Objects-normal/x86_64/Highlightr.SwiftFileList -DSWIFT_PACKAGE -DDEBUG -DSWIFT_MODULE_RESOURCE_BUNDLE_AVAILABLE -DXcode -plugin-path /Applications/Xcode.app/Contents/Developer/Toolchains/XcodeDefault.xctoolchain/usr/lib/swift/host/plugins/testing -enable-experimental-feature DebugDescriptionMacro -sdk /Applications/Xcode.app/Contents/Developer/Platforms/MacOSX.platform/Developer/SDKs/MacOSX26.2.sdk -target x86_64-apple-macos10.15 -g -module-cache-path /Volumes/SN550-2T/freewind-demos/swiftui-macos-multilanguage-code-editor-demo/build/out/DerivedData/ModuleCache.noindex -Xfrontend -serialize-debugging-options -enable-testing -suppress-warnings -index-store-path /Volumes/SN550-2T/freewind-demos/swiftui-macos-multilanguage-code-editor-demo/build/out/DerivedData/Index.noindex/DataStore -Xcc -D_LIBCPP_HARDENING_MODE\=_LIBCPP_HARDENING_MODE_DEBUG -swift-version 5 -I /Volumes/SN550-2T/freewind-demos/swiftui-macos-multilanguage-code-editor-demo/build/out/Debug -Isystem /Applications/Xcode.app/Contents/Developer/Platforms/MacOSX.platform/Developer/usr/lib -F /Volumes/SN550-2T/freewind-demos/swiftui-macos-multilanguage-code-editor-demo/build/out/Debug -F /Applications/Xcode.app/Contents/Developer/Platforms/MacOSX.platform/Developer/Library/Frameworks -c -j12 -enable-batch-mode -incremental -Xcc -ivfsstatcache -Xcc /Volumes/SN550-2T/freewind-demos/swiftui-macos-multilanguage-code-editor-demo/build/out/DerivedData/SDKStatCaches.noindex/macosx26.2-25C58-00fa09913b459cbbc988d1f6730289ae.sdkstatcache -output-file-map /Volumes/SN550-2T/freewind-demos/swiftui-macos-multilanguage-code-editor-demo/build/out/DerivedData/Build/Intermediates.noindex/Highlightr.build/Debug/Highlightr.build/Objects-normal/x86_64/Highlightr-OutputFileMap.json -use-frontend-parseable-output -save-temps -no-color-diagnostics -explicit-module-build -module-cache-path /Volumes/SN550-2T/freewind-demos/swiftui-macos-multilanguage-code-editor-demo/build/out/DerivedData/Build/Intermediates.noindex/SwiftExplicitPrecompiledModules -clang-scanner-module-cache-path /Volumes/SN550-2T/freewind-demos/swiftui-macos-multilanguage-code-editor-demo/build/out/DerivedData/ModuleCache.noindex -sdk-module-cache-path /Volumes/SN550-2T/freewind-demos/swiftui-macos-multilanguage-code-editor-demo/build/out/DerivedData/ModuleCache.noindex -serialize-diagnostics -emit-dependencies -emit-module -emit-module-path /Volumes/SN550-2T/freewind-demos/swiftui-macos-multilanguage-code-editor-demo/build/out/DerivedData/Build/Intermediates.noindex/Highlightr.build/Debug/Highlightr.build/Objects-normal/x86_64/Highlightr.swiftmodule -validate-clang-modules-once -clang-build-session-file /Volumes/SN550-2T/freewind-demos/swiftui-macos-multilanguage-code-editor-demo/build/out/DerivedData/ModuleCache.noindex/Session.modulevalidation -package-name highlightr -Xcc -I/Volumes/SN550-2T/freewind-demos/swiftui-macos-multilanguage-code-editor-demo/build/out/DerivedData/Build/Intermediates.noindex/Highlightr.build/Debug/Highlightr.build/swift-overrides.hmap -emit-const-values -Xfrontend -const-gather-protocols-file -Xfrontend /Volumes/SN550-2T/freewind-demos/swiftui-macos-multilanguage-code-editor-demo/build/out/DerivedData/Build/Intermediates.noindex/Highlightr.build/Debug/Highlightr.build/Objects-normal/x86_64/Highlightr_const_extract_protocols.json -Xcc -I/Volumes/SN550-2T/freewind-demos/swiftui-macos-multilanguage-code-editor-demo/build/out/Debug/include -Xcc -I/Volumes/SN550-2T/freewind-demos/swiftui-macos-multilanguage-code-editor-demo/build/out/DerivedData/Build/Intermediates.noindex/Highlightr.build/Debug/Highlightr.build/DerivedSources-normal/x86_64 -Xcc -I/Volumes/SN550-2T/freewind-demos/swiftui-macos-multilanguage-code-editor-demo/build/out/DerivedData/Build/Intermediates.noindex/Highlightr.build/Debug/Highlightr.build/DerivedSources/x86_64 -Xcc -I/Volumes/SN550-2T/freewind-demos/swiftui-macos-multilanguage-code-editor-demo/build/out/DerivedData/Build/Intermediates.noindex/Highlightr.build/Debug/Highlightr.build/DerivedSources -Xcc -DSWIFT_PACKAGE -Xcc -DDEBUG\=1 -emit-objc-header -emit-objc-header-path /Volumes/SN550-2T/freewind-demos/swiftui-macos-multilanguage-code-editor-demo/build/out/DerivedData/Build/Intermediates.noindex/Highlightr.build/Debug/Highlightr.build/Objects-normal/x86_64/Highlightr-Swift.h -working-directory /Volumes/SN550-2T/freewind-demos/swiftui-macos-multilanguage-code-editor-demo/SwiftUIMultilanguageCodeEditorDemo.xcodeproj -experimental-emit-module-separately -disable-cmo

Ld /Volumes/SN550-2T/freewind-demos/swiftui-macos-multilanguage-code-editor-demo/build/out/Debug/Highlightr.o normal (in target 'Highlightr' from project 'Highlightr')
    cd /Volumes/SN550-2T/freewind-demos/swiftui-macos-multilanguage-code-editor-demo/build/out/DerivedData/SourcePackages/checkouts/Highlightr
    /Applications/Xcode.app/Contents/Developer/Toolchains/XcodeDefault.xctoolchain/usr/bin/clang -Xlinker -reproducible -target x86_64-apple-macos10.15 -r -isysroot /Applications/Xcode.app/Contents/Developer/Platforms/MacOSX.platform/Developer/SDKs/MacOSX26.2.sdk -O0 -w -L/Volumes/SN550-2T/freewind-demos/swiftui-macos-multilanguage-code-editor-demo/build/out/DerivedData/Build/Intermediates.noindex/EagerLinkingTBDs/Debug -L/Volumes/SN550-2T/freewind-demos/swiftui-macos-multilanguage-code-editor-demo/build/out/Debug -L/Applications/Xcode.app/Contents/Developer/Platforms/MacOSX.platform/Developer/usr/lib -F/Volumes/SN550-2T/freewind-demos/swiftui-macos-multilanguage-code-editor-demo/build/out/DerivedData/Build/Intermediates.noindex/EagerLinkingTBDs/Debug -F/Volumes/SN550-2T/freewind-demos/swiftui-macos-multilanguage-code-editor-demo/build/out/Debug -iframework /Applications/Xcode.app/Contents/Developer/Platforms/MacOSX.platform/Developer/Library/Frameworks -filelist /Volumes/SN550-2T/freewind-demos/swiftui-macos-multilanguage-code-editor-demo/build/out/DerivedData/Build/Intermediates.noindex/Highlightr.build/Debug/Highlightr.build/Objects-normal/x86_64/Highlightr.LinkFileList -nostdlib -Xlinker -object_path_lto -Xlinker /Volumes/SN550-2T/freewind-demos/swiftui-macos-multilanguage-code-editor-demo/build/out/DerivedData/Build/Intermediates.noindex/Highlightr.build/Debug/Highlightr.build/Objects-normal/x86_64/Highlightr_lto.o -rdynamic -Xlinker -no_deduplicate -Xlinker -dependency_info -Xlinker /Volumes/SN550-2T/freewind-demos/swiftui-macos-multilanguage-code-editor-demo/build/out/DerivedData/Build/Intermediates.noindex/Highlightr.build/Debug/Highlightr.build/Objects-normal/x86_64/Highlightr_dependency_info.dat -fobjc-link-runtime -L/Applications/Xcode.app/Contents/Developer/Toolchains/XcodeDefault.xctoolchain/usr/lib/swift/macosx -L/usr/lib/swift -Xlinker -add_ast_path -Xlinker /Volumes/SN550-2T/freewind-demos/swiftui-macos-multilanguage-code-editor-demo/build/out/DerivedData/Build/Intermediates.noindex/Highlightr.build/Debug/Highlightr.build/Objects-normal/x86_64/Highlightr.swiftmodule @/Volumes/SN550-2T/freewind-demos/swiftui-macos-multilanguage-code-editor-demo/build/out/DerivedData/Build/Intermediates.noindex/Highlightr.build/Debug/Highlightr.build/Objects-normal/x86_64/Highlightr-linker-args.resp -o /Volumes/SN550-2T/freewind-demos/swiftui-macos-multilanguage-code-editor-demo/build/out/Debug/Highlightr.o

SwiftExplicitDependencyGeneratePcm x86_64 /Volumes/SN550-2T/freewind-demos/swiftui-macos-multilanguage-code-editor-demo/build/out/DerivedData/ModuleCache.noindex/Spatial-ANPW0AWBV5H0X4U99YTJ24WYP.pcm

ExtractAppIntentsMetadata (in target 'Highlightr' from project 'Highlightr')
    cd /Volumes/SN550-2T/freewind-demos/swiftui-macos-multilanguage-code-editor-demo/build/out/DerivedData/SourcePackages/checkouts/Highlightr
    /Applications/Xcode.app/Contents/Developer/Toolchains/XcodeDefault.xctoolchain/usr/bin/appintentsmetadataprocessor --toolchain-dir /Applications/Xcode.app/Contents/Developer/Toolchains/XcodeDefault.xctoolchain --module-name Highlightr --sdk-root /Applications/Xcode.app/Contents/Developer/Platforms/MacOSX.platform/Developer/SDKs/MacOSX26.2.sdk --xcode-version 17C529 --platform-family macOS --deployment-target 10.15 --bundle-identifier highlightr.Highlightr --output /Volumes/SN550-2T/freewind-demos/swiftui-macos-multilanguage-code-editor-demo/build/out/Debug/Highlightr.appintents --target-triple x86_64-apple-macos10.15 --binary-file /Volumes/SN550-2T/freewind-demos/swiftui-macos-multilanguage-code-editor-demo/build/out/Debug/Highlightr.o --dependency-file /Volumes/SN550-2T/freewind-demos/swiftui-macos-multilanguage-code-editor-demo/build/out/DerivedData/Build/Intermediates.noindex/Highlightr.build/Debug/Highlightr.build/Objects-normal/x86_64/Highlightr_dependency_info.dat --stringsdata-file /Volumes/SN550-2T/freewind-demos/swiftui-macos-multilanguage-code-editor-demo/build/out/DerivedData/Build/Intermediates.noindex/Highlightr.build/Debug/Highlightr.build/Objects-normal/x86_64/ExtractedAppShortcutsMetadata.stringsdata --source-file-list /Volumes/SN550-2T/freewind-demos/swiftui-macos-multilanguage-code-editor-demo/build/out/DerivedData/Build/Intermediates.noindex/Highlightr.build/Debug/Highlightr.build/Objects-normal/x86_64/Highlightr.SwiftFileList --metadata-file-list /Volumes/SN550-2T/freewind-demos/swiftui-macos-multilanguage-code-editor-demo/build/out/DerivedData/Build/Intermediates.noindex/Highlightr.build/Debug/Highlightr.build/Highlightr.DependencyMetadataFileList --static-metadata-file-list /Volumes/SN550-2T/freewind-demos/swiftui-macos-multilanguage-code-editor-demo/build/out/DerivedData/Build/Intermediates.noindex/Highlightr.build/Debug/Highlightr.build/Highlightr.DependencyStaticMetadataFileList --swift-const-vals-list /Volumes/SN550-2T/freewind-demos/swiftui-macos-multilanguage-code-editor-demo/build/out/DerivedData/Build/Intermediates.noindex/Highlightr.build/Debug/Highlightr.build/Objects-normal/x86_64/Highlightr.SwiftConstValuesFileList --force --compile-time-extraction --deployment-aware-processing --validate-assistant-intents --no-app-shortcuts-localization
2026-05-19 16:22:46.689 appintentsmetadataprocessor[4345:3449314] Starting appintentsmetadataprocessor export
2026-05-19 16:22:47.040 appintentsmetadataprocessor[4345:3449314] Extracted no relevant App Intents symbols, skipping writing output

RegisterExecutionPolicyException /Volumes/SN550-2T/freewind-demos/swiftui-macos-multilanguage-code-editor-demo/build/out/Debug/Highlightr.o (in target 'Highlightr' from project 'Highlightr')
    cd /Volumes/SN550-2T/freewind-demos/swiftui-macos-multilanguage-code-editor-demo/build/out/DerivedData/SourcePackages/checkouts/Highlightr
    builtin-RegisterExecutionPolicyException /Volumes/SN550-2T/freewind-demos/swiftui-macos-multilanguage-code-editor-demo/build/out/Debug/Highlightr.o

Ld /Volumes/SN550-2T/freewind-demos/swiftui-macos-multilanguage-code-editor-demo/build/out/Debug/CodeEditor.o normal (in target 'CodeEditor' from project 'CodeEditor')
    cd /Volumes/SN550-2T/freewind-demos/swiftui-macos-multilanguage-code-editor-demo/build/out/DerivedData/SourcePackages/checkouts/CodeEditor
    /Applications/Xcode.app/Contents/Developer/Toolchains/XcodeDefault.xctoolchain/usr/bin/clang -Xlinker -reproducible -target x86_64-apple-macos10.15 -r -isysroot /Applications/Xcode.app/Contents/Developer/Platforms/MacOSX.platform/Developer/SDKs/MacOSX26.2.sdk -O0 -w -L/Volumes/SN550-2T/freewind-demos/swiftui-macos-multilanguage-code-editor-demo/build/out/DerivedData/Build/Intermediates.noindex/EagerLinkingTBDs/Debug -L/Volumes/SN550-2T/freewind-demos/swiftui-macos-multilanguage-code-editor-demo/build/out/Debug -L/Applications/Xcode.app/Contents/Developer/Platforms/MacOSX.platform/Developer/usr/lib -F/Volumes/SN550-2T/freewind-demos/swiftui-macos-multilanguage-code-editor-demo/build/out/DerivedData/Build/Intermediates.noindex/EagerLinkingTBDs/Debug -F/Volumes/SN550-2T/freewind-demos/swiftui-macos-multilanguage-code-editor-demo/build/out/Debug/PackageFrameworks -F/Volumes/SN550-2T/freewind-demos/swiftui-macos-multilanguage-code-editor-demo/build/out/Debug -iframework /Applications/Xcode.app/Contents/Developer/Platforms/MacOSX.platform/Developer/Library/Frameworks -filelist /Volumes/SN550-2T/freewind-demos/swiftui-macos-multilanguage-code-editor-demo/build/out/DerivedData/Build/Intermediates.noindex/CodeEditor.build/Debug/CodeEditor.build/Objects-normal/x86_64/CodeEditor.LinkFileList -nostdlib -Xlinker -object_path_lto -Xlinker /Volumes/SN550-2T/freewind-demos/swiftui-macos-multilanguage-code-editor-demo/build/out/DerivedData/Build/Intermediates.noindex/CodeEditor.build/Debug/CodeEditor.build/Objects-normal/x86_64/CodeEditor_lto.o -rdynamic -Xlinker -no_deduplicate -Xlinker -dependency_info -Xlinker /Volumes/SN550-2T/freewind-demos/swiftui-macos-multilanguage-code-editor-demo/build/out/DerivedData/Build/Intermediates.noindex/CodeEditor.build/Debug/CodeEditor.build/Objects-normal/x86_64/CodeEditor_dependency_info.dat -fobjc-link-runtime -L/Applications/Xcode.app/Contents/Developer/Toolchains/XcodeDefault.xctoolchain/usr/lib/swift/macosx -L/usr/lib/swift -Xlinker -add_ast_path -Xlinker /Volumes/SN550-2T/freewind-demos/swiftui-macos-multilanguage-code-editor-demo/build/out/DerivedData/Build/Intermediates.noindex/CodeEditor.build/Debug/CodeEditor.build/Objects-normal/x86_64/CodeEditor.swiftmodule @/Volumes/SN550-2T/freewind-demos/swiftui-macos-multilanguage-code-editor-demo/build/out/DerivedData/Build/Intermediates.noindex/CodeEditor.build/Debug/CodeEditor.build/Objects-normal/x86_64/CodeEditor-linker-args.resp -o /Volumes/SN550-2T/freewind-demos/swiftui-macos-multilanguage-code-editor-demo/build/out/Debug/CodeEditor.o

SwiftExplicitDependencyGeneratePcm x86_64 /Volumes/SN550-2T/freewind-demos/swiftui-macos-multilanguage-code-editor-demo/build/out/DerivedData/ModuleCache.noindex/CoreGraphics-67GJGSK1BN839NM7G0Z1FRVR.pcm

SwiftExplicitDependencyGeneratePcm x86_64 /Volumes/SN550-2T/freewind-demos/swiftui-macos-multilanguage-code-editor-demo/build/out/DerivedData/ModuleCache.noindex/DiskArbitration-KYWIEPQZ7RUKH6H79JPMXET0.pcm

ExtractAppIntentsMetadata (in target 'CodeEditor' from project 'CodeEditor')
    cd /Volumes/SN550-2T/freewind-demos/swiftui-macos-multilanguage-code-editor-demo/build/out/DerivedData/SourcePackages/checkouts/CodeEditor
    /Applications/Xcode.app/Contents/Developer/Toolchains/XcodeDefault.xctoolchain/usr/bin/appintentsmetadataprocessor --toolchain-dir /Applications/Xcode.app/Contents/Developer/Toolchains/XcodeDefault.xctoolchain --module-name CodeEditor --sdk-root /Applications/Xcode.app/Contents/Developer/Platforms/MacOSX.platform/Developer/SDKs/MacOSX26.2.sdk --xcode-version 17C529 --platform-family macOS --deployment-target 10.15 --bundle-identifier codeeditor.CodeEditor --output /Volumes/SN550-2T/freewind-demos/swiftui-macos-multilanguage-code-editor-demo/build/out/Debug/CodeEditor.appintents --target-triple x86_64-apple-macos10.15 --binary-file /Volumes/SN550-2T/freewind-demos/swiftui-macos-multilanguage-code-editor-demo/build/out/Debug/CodeEditor.o --dependency-file /Volumes/SN550-2T/freewind-demos/swiftui-macos-multilanguage-code-editor-demo/build/out/DerivedData/Build/Intermediates.noindex/CodeEditor.build/Debug/CodeEditor.build/Objects-normal/x86_64/CodeEditor_dependency_info.dat --stringsdata-file /Volumes/SN550-2T/freewind-demos/swiftui-macos-multilanguage-code-editor-demo/build/out/DerivedData/Build/Intermediates.noindex/CodeEditor.build/Debug/CodeEditor.build/Objects-normal/x86_64/ExtractedAppShortcutsMetadata.stringsdata --source-file-list /Volumes/SN550-2T/freewind-demos/swiftui-macos-multilanguage-code-editor-demo/build/out/DerivedData/Build/Intermediates.noindex/CodeEditor.build/Debug/CodeEditor.build/Objects-normal/x86_64/CodeEditor.SwiftFileList --metadata-file-list /Volumes/SN550-2T/freewind-demos/swiftui-macos-multilanguage-code-editor-demo/build/out/DerivedData/Build/Intermediates.noindex/CodeEditor.build/Debug/CodeEditor.build/CodeEditor.DependencyMetadataFileList --static-metadata-file-list /Volumes/SN550-2T/freewind-demos/swiftui-macos-multilanguage-code-editor-demo/build/out/DerivedData/Build/Intermediates.noindex/CodeEditor.build/Debug/CodeEditor.build/CodeEditor.DependencyStaticMetadataFileList --swift-const-vals-list /Volumes/SN550-2T/freewind-demos/swiftui-macos-multilanguage-code-editor-demo/build/out/DerivedData/Build/Intermediates.noindex/CodeEditor.build/Debug/CodeEditor.build/Objects-normal/x86_64/CodeEditor.SwiftConstValuesFileList --force --compile-time-extraction --deployment-aware-processing --validate-assistant-intents --no-app-shortcuts-localization
2026-05-19 16:22:47.154 appintentsmetadataprocessor[4350:3449339] Starting appintentsmetadataprocessor export
2026-05-19 16:22:47.479 appintentsmetadataprocessor[4350:3449339] Extracted no relevant App Intents symbols, skipping writing output

SwiftExplicitDependencyGeneratePcm x86_64 /Volumes/SN550-2T/freewind-demos/swiftui-macos-multilanguage-code-editor-demo/build/out/DerivedData/ModuleCache.noindex/CoreServices-66KPWLSTKZ25TBET9KFZQF6Q.pcm

SwiftExplicitDependencyGeneratePcm x86_64 /Volumes/SN550-2T/freewind-demos/swiftui-macos-multilanguage-code-editor-demo/build/out/DerivedData/ModuleCache.noindex/CoreText-CJID613NRQIE3T5XAO9JOJE51.pcm

SwiftExplicitDependencyGeneratePcm x86_64 /Volumes/SN550-2T/freewind-demos/swiftui-macos-multilanguage-code-editor-demo/build/out/DerivedData/ModuleCache.noindex/ImageIO-CQCHP4YLKUA6B7TJJ85UHGM9I.pcm

RegisterExecutionPolicyException /Volumes/SN550-2T/freewind-demos/swiftui-macos-multilanguage-code-editor-demo/build/out/Debug/CodeEditor.o (in target 'CodeEditor' from project 'CodeEditor')
    cd /Volumes/SN550-2T/freewind-demos/swiftui-macos-multilanguage-code-editor-demo/build/out/DerivedData/SourcePackages/checkouts/CodeEditor
    builtin-RegisterExecutionPolicyException /Volumes/SN550-2T/freewind-demos/swiftui-macos-multilanguage-code-editor-demo/build/out/Debug/CodeEditor.o

Ld /Volumes/SN550-2T/freewind-demos/swiftui-macos-multilanguage-code-editor-demo/build/out/Debug/SwiftUIMultilanguageCodeEditorDemo.app/Contents/MacOS/__preview.dylib normal (in target 'SwiftUIMultilanguageCodeEditorDemo' from project 'SwiftUIMultilanguageCodeEditorDemo')
    cd /Volumes/SN550-2T/freewind-demos/swiftui-macos-multilanguage-code-editor-demo
    /Applications/Xcode.app/Contents/Developer/Toolchains/XcodeDefault.xctoolchain/usr/bin/clang -Xlinker -reproducible -target x86_64-apple-macos14.0 -dynamiclib -isysroot /Applications/Xcode.app/Contents/Developer/Platforms/MacOSX.platform/Developer/SDKs/MacOSX26.2.sdk -O0 -L/Volumes/SN550-2T/freewind-demos/swiftui-macos-multilanguage-code-editor-demo/build/out/Debug -F/Volumes/SN550-2T/freewind-demos/swiftui-macos-multilanguage-code-editor-demo/build/out/Debug/PackageFrameworks -F/Volumes/SN550-2T/freewind-demos/swiftui-macos-multilanguage-code-editor-demo/build/out/Debug/PackageFrameworks -F/Volumes/SN550-2T/freewind-demos/swiftui-macos-multilanguage-code-editor-demo/build/out/Debug -install_name @rpath/SwiftUIMultilanguageCodeEditorDemo.debug.dylib -rdynamic -Xlinker -no_deduplicate -Xlinker -dependency_info -Xlinker /Volumes/SN550-2T/freewind-demos/swiftui-macos-multilanguage-code-editor-demo/build/out/DerivedData/Build/Intermediates.noindex/SwiftUIMultilanguageCodeEditorDemo.build/Debug/SwiftUIMultilanguageCodeEditorDemo.build/Objects-normal/x86_64/SwiftUIMultilanguageCodeEditorDemo_dependency_info.dat -Xlinker -no_adhoc_codesign -o /Volumes/SN550-2T/freewind-demos/swiftui-macos-multilanguage-code-editor-demo/build/out/Debug/SwiftUIMultilanguageCodeEditorDemo.app/Contents/MacOS/__preview.dylib

Copy /Volumes/SN550-2T/freewind-demos/swiftui-macos-multilanguage-code-editor-demo/build/out/Debug/SwiftUIMultilanguageCodeEditorDemo.app/Contents/Resources/Highlightr_Highlightr.bundle /Volumes/SN550-2T/freewind-demos/swiftui-macos-multilanguage-code-editor-demo/build/out/Debug/Highlightr_Highlightr.bundle (in target 'SwiftUIMultilanguageCodeEditorDemo' from project 'SwiftUIMultilanguageCodeEditorDemo')
    cd /Volumes/SN550-2T/freewind-demos/swiftui-macos-multilanguage-code-editor-demo
    builtin-copy -exclude .DS_Store -exclude CVS -exclude .svn -exclude .git -exclude .hg -resolve-src-symlinks /Volumes/SN550-2T/freewind-demos/swiftui-macos-multilanguage-code-editor-demo/build/out/Debug/Highlightr_Highlightr.bundle /Volumes/SN550-2T/freewind-demos/swiftui-macos-multilanguage-code-editor-demo/build/out/Debug/SwiftUIMultilanguageCodeEditorDemo.app/Contents/Resources

ProcessInfoPlistFile /Volumes/SN550-2T/freewind-demos/swiftui-macos-multilanguage-code-editor-demo/build/out/Debug/SwiftUIMultilanguageCodeEditorDemo.app/Contents/Info.plist /Volumes/SN550-2T/freewind-demos/swiftui-macos-multilanguage-code-editor-demo/Sources/Info.plist (in target 'SwiftUIMultilanguageCodeEditorDemo' from project 'SwiftUIMultilanguageCodeEditorDemo')
    cd /Volumes/SN550-2T/freewind-demos/swiftui-macos-multilanguage-code-editor-demo
    builtin-infoPlistUtility /Volumes/SN550-2T/freewind-demos/swiftui-macos-multilanguage-code-editor-demo/Sources/Info.plist -producttype com.apple.product-type.application -genpkginfo /Volumes/SN550-2T/freewind-demos/swiftui-macos-multilanguage-code-editor-demo/build/out/Debug/SwiftUIMultilanguageCodeEditorDemo.app/Contents/PkgInfo -expandbuildsettings -platform macosx -scanforprivacyfile /Volumes/SN550-2T/freewind-demos/swiftui-macos-multilanguage-code-editor-demo/build/out/Debug/SwiftUIMultilanguageCodeEditorDemo.app/Contents/Resources/Highlightr_Highlightr.bundle -o /Volumes/SN550-2T/freewind-demos/swiftui-macos-multilanguage-code-editor-demo/build/out/Debug/SwiftUIMultilanguageCodeEditorDemo.app/Contents/Info.plist

SwiftExplicitDependencyGeneratePcm x86_64 /Volumes/SN550-2T/freewind-demos/swiftui-macos-multilanguage-code-editor-demo/build/out/DerivedData/ModuleCache.noindex/Foundation-2KUW4AXSBPCVG1IMQN25IIO9Z.pcm

SwiftExplicitDependencyGeneratePcm x86_64 /Volumes/SN550-2T/freewind-demos/swiftui-macos-multilanguage-code-editor-demo/build/out/DerivedData/ModuleCache.noindex/ApplicationServices-97Y5SG434I87KW0I65U48NZ8L.pcm

SwiftExplicitDependencyGeneratePcm x86_64 /Volumes/SN550-2T/freewind-demos/swiftui-macos-multilanguage-code-editor-demo/build/out/DerivedData/ModuleCache.noindex/CoreData-3UF7459FNFDURK2HD62W5UI0Q.pcm

SwiftExplicitDependencyGeneratePcm x86_64 /Volumes/SN550-2T/freewind-demos/swiftui-macos-multilanguage-code-editor-demo/build/out/DerivedData/ModuleCache.noindex/Symbols-2U89UMZ8G9VFB7ZL668YTX1M3.pcm

SwiftExplicitDependencyGeneratePcm x86_64 /Volumes/SN550-2T/freewind-demos/swiftui-macos-multilanguage-code-editor-demo/build/out/DerivedData/ModuleCache.noindex/JavaScriptCore-4I3FS6PB95PB2MSYCJU2LL4V1.pcm

SwiftExplicitDependencyGeneratePcm x86_64 /Volumes/SN550-2T/freewind-demos/swiftui-macos-multilanguage-code-editor-demo/build/out/DerivedData/ModuleCache.noindex/IOSurface-38ECSK8N2F5TQOSQJU181KZ66.pcm

SwiftExplicitDependencyGeneratePcm x86_64 /Volumes/SN550-2T/freewind-demos/swiftui-macos-multilanguage-code-editor-demo/build/out/DerivedData/ModuleCache.noindex/DataDetection-1VYPU57K219T50VW208NHJ7SL.pcm

SwiftExplicitDependencyGeneratePcm x86_64 /Volumes/SN550-2T/freewind-demos/swiftui-macos-multilanguage-code-editor-demo/build/out/DerivedData/ModuleCache.noindex/UniformTypeIdentifiers-4108L68M3WFVPJUKL6N1FZGIX.pcm

SwiftExplicitDependencyGeneratePcm x86_64 /Volumes/SN550-2T/freewind-demos/swiftui-macos-multilanguage-code-editor-demo/build/out/DerivedData/ModuleCache.noindex/OSLog-3GGSE4EM4T3RE9D59ME7O6AMI.pcm

SwiftExplicitDependencyGeneratePcm x86_64 /Volumes/SN550-2T/freewind-demos/swiftui-macos-multilanguage-code-editor-demo/build/out/DerivedData/ModuleCache.noindex/CoreTransferable-312LNWD6RKTWVL89S088ZC4BW.pcm

SwiftExplicitDependencyGeneratePcm x86_64 /Volumes/SN550-2T/freewind-demos/swiftui-macos-multilanguage-code-editor-demo/build/out/DerivedData/ModuleCache.noindex/Accessibility-3ZYXHP9W40YC0CJXUEDWU0X5X.pcm

SwiftExplicitDependencyGeneratePcm x86_64 /Volumes/SN550-2T/freewind-demos/swiftui-macos-multilanguage-code-editor-demo/build/out/DerivedData/ModuleCache.noindex/Metal-CQY5M1ILSI6NCM44M20YK97T0.pcm

SwiftExplicitDependencyGeneratePcm x86_64 /Volumes/SN550-2T/freewind-demos/swiftui-macos-multilanguage-code-editor-demo/build/out/DerivedData/ModuleCache.noindex/CoreVideo-3CKP6ZU501MSR1FEQ9UIZEWW9.pcm

SwiftExplicitDependencyGeneratePcm x86_64 /Volumes/SN550-2T/freewind-demos/swiftui-macos-multilanguage-code-editor-demo/build/out/DerivedData/ModuleCache.noindex/CoreImage-CULC14379K6S6MK87CHBGY6BQ.pcm

SwiftExplicitDependencyGeneratePcm x86_64 /Volumes/SN550-2T/freewind-demos/swiftui-macos-multilanguage-code-editor-demo/build/out/DerivedData/ModuleCache.noindex/QuartzCore-77FZFQ5H1DA8OH6VASNSOHHOY.pcm

SwiftExplicitDependencyGeneratePcm x86_64 /Volumes/SN550-2T/freewind-demos/swiftui-macos-multilanguage-code-editor-demo/build/out/DerivedData/ModuleCache.noindex/SwiftUICore-74TVA62E0J3M28G7X408E6KBY.pcm

SwiftExplicitDependencyGeneratePcm x86_64 /Volumes/SN550-2T/freewind-demos/swiftui-macos-multilanguage-code-editor-demo/build/out/DerivedData/ModuleCache.noindex/AppKit-C4LO61ZWOXC8FWPFM0Y6PPZT2.pcm

SwiftExplicitDependencyGeneratePcm x86_64 /Volumes/SN550-2T/freewind-demos/swiftui-macos-multilanguage-code-editor-demo/build/out/DerivedData/ModuleCache.noindex/SwiftUI-CUF5MV37ARKI8FSH6VROKLS7Z.pcm

SwiftEmitModule normal x86_64 Emitting\ module\ for\ SwiftUIMultilanguageCodeEditorDemo (in target 'SwiftUIMultilanguageCodeEditorDemo' from project 'SwiftUIMultilanguageCodeEditorDemo')

EmitSwiftModule normal x86_64 (in target 'SwiftUIMultilanguageCodeEditorDemo' from project 'SwiftUIMultilanguageCodeEditorDemo')
    cd /Volumes/SN550-2T/freewind-demos/swiftui-macos-multilanguage-code-editor-demo
    

SwiftCompile normal x86_64 Compiling\ ContentView.swift /Volumes/SN550-2T/freewind-demos/swiftui-macos-multilanguage-code-editor-demo/Sources/ContentView.swift (in target 'SwiftUIMultilanguageCodeEditorDemo' from project 'SwiftUIMultilanguageCodeEditorDemo')
SwiftCompile normal x86_64 /Volumes/SN550-2T/freewind-demos/swiftui-macos-multilanguage-code-editor-demo/Sources/ContentView.swift (in target 'SwiftUIMultilanguageCodeEditorDemo' from project 'SwiftUIMultilanguageCodeEditorDemo')
    cd /Volumes/SN550-2T/freewind-demos/swiftui-macos-multilanguage-code-editor-demo
    

SwiftCompile normal x86_64 Compiling\ AppMain.swift /Volumes/SN550-2T/freewind-demos/swiftui-macos-multilanguage-code-editor-demo/Sources/AppMain.swift (in target 'SwiftUIMultilanguageCodeEditorDemo' from project 'SwiftUIMultilanguageCodeEditorDemo')

SwiftCompile normal x86_64 /Volumes/SN550-2T/freewind-demos/swiftui-macos-multilanguage-code-editor-demo/Sources/AppMain.swift (in target 'SwiftUIMultilanguageCodeEditorDemo' from project 'SwiftUIMultilanguageCodeEditorDemo')
    cd /Volumes/SN550-2T/freewind-demos/swiftui-macos-multilanguage-code-editor-demo
    

SwiftDriverJobDiscovery normal x86_64 Emitting module for SwiftUIMultilanguageCodeEditorDemo (in target 'SwiftUIMultilanguageCodeEditorDemo' from project 'SwiftUIMultilanguageCodeEditorDemo')

SwiftDriver\ Compilation\ Requirements SwiftUIMultilanguageCodeEditorDemo normal x86_64 com.apple.xcode.tools.swift.compiler (in target 'SwiftUIMultilanguageCodeEditorDemo' from project 'SwiftUIMultilanguageCodeEditorDemo')
    cd /Volumes/SN550-2T/freewind-demos/swiftui-macos-multilanguage-code-editor-demo
    builtin-Swift-Compilation-Requirements -- /Applications/Xcode.app/Contents/Developer/Toolchains/XcodeDefault.xctoolchain/usr/bin/swiftc -module-name SwiftUIMultilanguageCodeEditorDemo -Onone -enforce-exclusivity\=checked @/Volumes/SN550-2T/freewind-demos/swiftui-macos-multilanguage-code-editor-demo/build/out/DerivedData/Build/Intermediates.noindex/SwiftUIMultilanguageCodeEditorDemo.build/Debug/SwiftUIMultilanguageCodeEditorDemo.build/Objects-normal/x86_64/SwiftUIMultilanguageCodeEditorDemo.SwiftFileList -DDEBUG -enable-bare-slash-regex -enable-experimental-feature DebugDescriptionMacro -sdk /Applications/Xcode.app/Contents/Developer/Platforms/MacOSX.platform/Developer/SDKs/MacOSX26.2.sdk -target x86_64-apple-macos14.0 -g -module-cache-path /Volumes/SN550-2T/freewind-demos/swiftui-macos-multilanguage-code-editor-demo/build/out/DerivedData/ModuleCache.noindex -Xfrontend -serialize-debugging-options -enable-testing -index-store-path /Volumes/SN550-2T/freewind-demos/swiftui-macos-multilanguage-code-editor-demo/build/out/DerivedData/Index.noindex/DataStore -Xcc -D_LIBCPP_HARDENING_MODE\=_LIBCPP_HARDENING_MODE_DEBUG -swift-version 5 -I /Volumes/SN550-2T/freewind-demos/swiftui-macos-multilanguage-code-editor-demo/build/out/Debug -F /Volumes/SN550-2T/freewind-demos/swiftui-macos-multilanguage-code-editor-demo/build/out/Debug/PackageFrameworks -F /Volumes/SN550-2T/freewind-demos/swiftui-macos-multilanguage-code-editor-demo/build/out/Debug/PackageFrameworks -F /Volumes/SN550-2T/freewind-demos/swiftui-macos-multilanguage-code-editor-demo/build/out/Debug -c -j12 -enable-batch-mode -incremental -Xcc -ivfsstatcache -Xcc /Volumes/SN550-2T/freewind-demos/swiftui-macos-multilanguage-code-editor-demo/build/out/DerivedData/SDKStatCaches.noindex/macosx26.2-25C58-00fa09913b459cbbc988d1f6730289ae.sdkstatcache -output-file-map /Volumes/SN550-2T/freewind-demos/swiftui-macos-multilanguage-code-editor-demo/build/out/DerivedData/Build/Intermediates.noindex/SwiftUIMultilanguageCodeEditorDemo.build/Debug/SwiftUIMultilanguageCodeEditorDemo.build/Objects-normal/x86_64/SwiftUIMultilanguageCodeEditorDemo-OutputFileMap.json -use-frontend-parseable-output -save-temps -no-color-diagnostics -explicit-module-build -module-cache-path /Volumes/SN550-2T/freewind-demos/swiftui-macos-multilanguage-code-editor-demo/build/out/DerivedData/Build/Intermediates.noindex/SwiftExplicitPrecompiledModules -clang-scanner-module-cache-path /Volumes/SN550-2T/freewind-demos/swiftui-macos-multilanguage-code-editor-demo/build/out/DerivedData/ModuleCache.noindex -sdk-module-cache-path /Volumes/SN550-2T/freewind-demos/swiftui-macos-multilanguage-code-editor-demo/build/out/DerivedData/ModuleCache.noindex -serialize-diagnostics -emit-dependencies -emit-module -emit-module-path /Volumes/SN550-2T/freewind-demos/swiftui-macos-multilanguage-code-editor-demo/build/out/DerivedData/Build/Intermediates.noindex/SwiftUIMultilanguageCodeEditorDemo.build/Debug/SwiftUIMultilanguageCodeEditorDemo.build/Objects-normal/x86_64/SwiftUIMultilanguageCodeEditorDemo.swiftmodule -validate-clang-modules-once -clang-build-session-file /Volumes/SN550-2T/freewind-demos/swiftui-macos-multilanguage-code-editor-demo/build/out/DerivedData/ModuleCache.noindex/Session.modulevalidation -Xcc -I/Volumes/SN550-2T/freewind-demos/swiftui-macos-multilanguage-code-editor-demo/build/out/DerivedData/Build/Intermediates.noindex/SwiftUIMultilanguageCodeEditorDemo.build/Debug/SwiftUIMultilanguageCodeEditorDemo.build/swift-overrides.hmap -emit-const-values -Xfrontend -const-gather-protocols-file -Xfrontend /Volumes/SN550-2T/freewind-demos/swiftui-macos-multilanguage-code-editor-demo/build/out/DerivedData/Build/Intermediates.noindex/SwiftUIMultilanguageCodeEditorDemo.build/Debug/SwiftUIMultilanguageCodeEditorDemo.build/Objects-normal/x86_64/SwiftUIMultilanguageCodeEditorDemo_const_extract_protocols.json -Xcc -iquote -Xcc /Volumes/SN550-2T/freewind-demos/swiftui-macos-multilanguage-code-editor-demo/build/out/DerivedData/Build/Intermediates.noindex/SwiftUIMultilanguageCodeEditorDemo.build/Debug/SwiftUIMultilanguageCodeEditorDemo.build/SwiftUIMultilanguageCodeEditorDemo-generated-files.hmap -Xcc -I/Volumes/SN550-2T/freewind-demos/swiftui-macos-multilanguage-code-editor-demo/build/out/DerivedData/Build/Intermediates.noindex/SwiftUIMultilanguageCodeEditorDemo.build/Debug/SwiftUIMultilanguageCodeEditorDemo.build/SwiftUIMultilanguageCodeEditorDemo-own-target-headers.hmap -Xcc -I/Volumes/SN550-2T/freewind-demos/swiftui-macos-multilanguage-code-editor-demo/build/out/DerivedData/Build/Intermediates.noindex/SwiftUIMultilanguageCodeEditorDemo.build/Debug/SwiftUIMultilanguageCodeEditorDemo.build/SwiftUIMultilanguageCodeEditorDemo-all-non-framework-target-headers.hmap -Xcc -ivfsoverlay -Xcc /Volumes/SN550-2T/freewind-demos/swiftui-macos-multilanguage-code-editor-demo/build/out/DerivedData/Build/Intermediates.noindex/SwiftUIMultilanguageCodeEditorDemo.build/Debug/SwiftUIMultilanguageCodeEditorDemo-5166de08e69a4b826ded072cf8c6ac01-VFS/all-product-headers.yaml -Xcc -iquote -Xcc /Volumes/SN550-2T/freewind-demos/swiftui-macos-multilanguage-code-editor-demo/build/out/DerivedData/Build/Intermediates.noindex/SwiftUIMultilanguageCodeEditorDemo.build/Debug/SwiftUIMultilanguageCodeEditorDemo.build/SwiftUIMultilanguageCodeEditorDemo-project-headers.hmap -Xcc -I/Volumes/SN550-2T/freewind-demos/swiftui-macos-multilanguage-code-editor-demo/build/out/Debug/include -Xcc -I/Volumes/SN550-2T/freewind-demos/swiftui-macos-multilanguage-code-editor-demo/build/out/DerivedData/Build/Intermediates.noindex/SwiftUIMultilanguageCodeEditorDemo.build/Debug/SwiftUIMultilanguageCodeEditorDemo.build/DerivedSources-normal/x86_64 -Xcc -I/Volumes/SN550-2T/freewind-demos/swiftui-macos-multilanguage-code-editor-demo/build/out/DerivedData/Build/Intermediates.noindex/SwiftUIMultilanguageCodeEditorDemo.build/Debug/SwiftUIMultilanguageCodeEditorDemo.build/DerivedSources/x86_64 -Xcc -I/Volumes/SN550-2T/freewind-demos/swiftui-macos-multilanguage-code-editor-demo/build/out/DerivedData/Build/Intermediates.noindex/SwiftUIMultilanguageCodeEditorDemo.build/Debug/SwiftUIMultilanguageCodeEditorDemo.build/DerivedSources -Xcc -DDEBUG\=1 -emit-objc-header -emit-objc-header-path /Volumes/SN550-2T/freewind-demos/swiftui-macos-multilanguage-code-editor-demo/build/out/DerivedData/Build/Intermediates.noindex/SwiftUIMultilanguageCodeEditorDemo.build/Debug/SwiftUIMultilanguageCodeEditorDemo.build/Objects-normal/x86_64/SwiftUIMultilanguageCodeEditorDemo-Swift.h -working-directory /Volumes/SN550-2T/freewind-demos/swiftui-macos-multilanguage-code-editor-demo -experimental-emit-module-separately -disable-cmo

SwiftMergeGeneratedHeaders /Volumes/SN550-2T/freewind-demos/swiftui-macos-multilanguage-code-editor-demo/build/out/DerivedData/Build/Intermediates.noindex/SwiftUIMultilanguageCodeEditorDemo.build/Debug/SwiftUIMultilanguageCodeEditorDemo.build/DerivedSources/SwiftUIMultilanguageCodeEditorDemo-Swift.h /Volumes/SN550-2T/freewind-demos/swiftui-macos-multilanguage-code-editor-demo/build/out/DerivedData/Build/Intermediates.noindex/SwiftUIMultilanguageCodeEditorDemo.build/Debug/SwiftUIMultilanguageCodeEditorDemo.build/Objects-normal/x86_64/SwiftUIMultilanguageCodeEditorDemo-Swift.h (in target 'SwiftUIMultilanguageCodeEditorDemo' from project 'SwiftUIMultilanguageCodeEditorDemo')
    cd /Volumes/SN550-2T/freewind-demos/swiftui-macos-multilanguage-code-editor-demo
    builtin-swiftHeaderTool -arch x86_64 /Volumes/SN550-2T/freewind-demos/swiftui-macos-multilanguage-code-editor-demo/build/out/DerivedData/Build/Intermediates.noindex/SwiftUIMultilanguageCodeEditorDemo.build/Debug/SwiftUIMultilanguageCodeEditorDemo.build/Objects-normal/x86_64/SwiftUIMultilanguageCodeEditorDemo-Swift.h -o /Volumes/SN550-2T/freewind-demos/swiftui-macos-multilanguage-code-editor-demo/build/out/DerivedData/Build/Intermediates.noindex/SwiftUIMultilanguageCodeEditorDemo.build/Debug/SwiftUIMultilanguageCodeEditorDemo.build/DerivedSources/SwiftUIMultilanguageCodeEditorDemo-Swift.h

Copy /Volumes/SN550-2T/freewind-demos/swiftui-macos-multilanguage-code-editor-demo/build/out/Debug/SwiftUIMultilanguageCodeEditorDemo.swiftmodule/x86_64-apple-macos.swiftmodule /Volumes/SN550-2T/freewind-demos/swiftui-macos-multilanguage-code-editor-demo/build/out/DerivedData/Build/Intermediates.noindex/SwiftUIMultilanguageCodeEditorDemo.build/Debug/SwiftUIMultilanguageCodeEditorDemo.build/Objects-normal/x86_64/SwiftUIMultilanguageCodeEditorDemo.swiftmodule (in target 'SwiftUIMultilanguageCodeEditorDemo' from project 'SwiftUIMultilanguageCodeEditorDemo')
    cd /Volumes/SN550-2T/freewind-demos/swiftui-macos-multilanguage-code-editor-demo
    builtin-copy -exclude .DS_Store -exclude CVS -exclude .svn -exclude .git -exclude .hg -resolve-src-symlinks -rename /Volumes/SN550-2T/freewind-demos/swiftui-macos-multilanguage-code-editor-demo/build/out/DerivedData/Build/Intermediates.noindex/SwiftUIMultilanguageCodeEditorDemo.build/Debug/SwiftUIMultilanguageCodeEditorDemo.build/Objects-normal/x86_64/SwiftUIMultilanguageCodeEditorDemo.swiftmodule /Volumes/SN550-2T/freewind-demos/swiftui-macos-multilanguage-code-editor-demo/build/out/Debug/SwiftUIMultilanguageCodeEditorDemo.swiftmodule/x86_64-apple-macos.swiftmodule

Copy /Volumes/SN550-2T/freewind-demos/swiftui-macos-multilanguage-code-editor-demo/build/out/Debug/SwiftUIMultilanguageCodeEditorDemo.swiftmodule/x86_64-apple-macos.swiftdoc /Volumes/SN550-2T/freewind-demos/swiftui-macos-multilanguage-code-editor-demo/build/out/DerivedData/Build/Intermediates.noindex/SwiftUIMultilanguageCodeEditorDemo.build/Debug/SwiftUIMultilanguageCodeEditorDemo.build/Objects-normal/x86_64/SwiftUIMultilanguageCodeEditorDemo.swiftdoc (in target 'SwiftUIMultilanguageCodeEditorDemo' from project 'SwiftUIMultilanguageCodeEditorDemo')
    cd /Volumes/SN550-2T/freewind-demos/swiftui-macos-multilanguage-code-editor-demo
    builtin-copy -exclude .DS_Store -exclude CVS -exclude .svn -exclude .git -exclude .hg -resolve-src-symlinks -rename /Volumes/SN550-2T/freewind-demos/swiftui-macos-multilanguage-code-editor-demo/build/out/DerivedData/Build/Intermediates.noindex/SwiftUIMultilanguageCodeEditorDemo.build/Debug/SwiftUIMultilanguageCodeEditorDemo.build/Objects-normal/x86_64/SwiftUIMultilanguageCodeEditorDemo.swiftdoc /Volumes/SN550-2T/freewind-demos/swiftui-macos-multilanguage-code-editor-demo/build/out/Debug/SwiftUIMultilanguageCodeEditorDemo.swiftmodule/x86_64-apple-macos.swiftdoc

Copy /Volumes/SN550-2T/freewind-demos/swiftui-macos-multilanguage-code-editor-demo/build/out/Debug/SwiftUIMultilanguageCodeEditorDemo.swiftmodule/x86_64-apple-macos.abi.json /Volumes/SN550-2T/freewind-demos/swiftui-macos-multilanguage-code-editor-demo/build/out/DerivedData/Build/Intermediates.noindex/SwiftUIMultilanguageCodeEditorDemo.build/Debug/SwiftUIMultilanguageCodeEditorDemo.build/Objects-normal/x86_64/SwiftUIMultilanguageCodeEditorDemo.abi.json (in target 'SwiftUIMultilanguageCodeEditorDemo' from project 'SwiftUIMultilanguageCodeEditorDemo')
    cd /Volumes/SN550-2T/freewind-demos/swiftui-macos-multilanguage-code-editor-demo
    builtin-copy -exclude .DS_Store -exclude CVS -exclude .svn -exclude .git -exclude .hg -resolve-src-symlinks -rename /Volumes/SN550-2T/freewind-demos/swiftui-macos-multilanguage-code-editor-demo/build/out/DerivedData/Build/Intermediates.noindex/SwiftUIMultilanguageCodeEditorDemo.build/Debug/SwiftUIMultilanguageCodeEditorDemo.build/Objects-normal/x86_64/SwiftUIMultilanguageCodeEditorDemo.abi.json /Volumes/SN550-2T/freewind-demos/swiftui-macos-multilanguage-code-editor-demo/build/out/Debug/SwiftUIMultilanguageCodeEditorDemo.swiftmodule/x86_64-apple-macos.abi.json

Copy /Volumes/SN550-2T/freewind-demos/swiftui-macos-multilanguage-code-editor-demo/build/out/Debug/SwiftUIMultilanguageCodeEditorDemo.swiftmodule/Project/x86_64-apple-macos.swiftsourceinfo /Volumes/SN550-2T/freewind-demos/swiftui-macos-multilanguage-code-editor-demo/build/out/DerivedData/Build/Intermediates.noindex/SwiftUIMultilanguageCodeEditorDemo.build/Debug/SwiftUIMultilanguageCodeEditorDemo.build/Objects-normal/x86_64/SwiftUIMultilanguageCodeEditorDemo.swiftsourceinfo (in target 'SwiftUIMultilanguageCodeEditorDemo' from project 'SwiftUIMultilanguageCodeEditorDemo')
    cd /Volumes/SN550-2T/freewind-demos/swiftui-macos-multilanguage-code-editor-demo
    builtin-copy -exclude .DS_Store -exclude CVS -exclude .svn -exclude .git -exclude .hg -resolve-src-symlinks -rename /Volumes/SN550-2T/freewind-demos/swiftui-macos-multilanguage-code-editor-demo/build/out/DerivedData/Build/Intermediates.noindex/SwiftUIMultilanguageCodeEditorDemo.build/Debug/SwiftUIMultilanguageCodeEditorDemo.build/Objects-normal/x86_64/SwiftUIMultilanguageCodeEditorDemo.swiftsourceinfo /Volumes/SN550-2T/freewind-demos/swiftui-macos-multilanguage-code-editor-demo/build/out/Debug/SwiftUIMultilanguageCodeEditorDemo.swiftmodule/Project/x86_64-apple-macos.swiftsourceinfo

SwiftDriverJobDiscovery normal x86_64 Compiling AppMain.swift (in target 'SwiftUIMultilanguageCodeEditorDemo' from project 'SwiftUIMultilanguageCodeEditorDemo')

SwiftDriverJobDiscovery normal x86_64 Compiling ContentView.swift (in target 'SwiftUIMultilanguageCodeEditorDemo' from project 'SwiftUIMultilanguageCodeEditorDemo')

SwiftDriver\ Compilation SwiftUIMultilanguageCodeEditorDemo normal x86_64 com.apple.xcode.tools.swift.compiler (in target 'SwiftUIMultilanguageCodeEditorDemo' from project 'SwiftUIMultilanguageCodeEditorDemo')
    cd /Volumes/SN550-2T/freewind-demos/swiftui-macos-multilanguage-code-editor-demo
    builtin-Swift-Compilation -- /Applications/Xcode.app/Contents/Developer/Toolchains/XcodeDefault.xctoolchain/usr/bin/swiftc -module-name SwiftUIMultilanguageCodeEditorDemo -Onone -enforce-exclusivity\=checked @/Volumes/SN550-2T/freewind-demos/swiftui-macos-multilanguage-code-editor-demo/build/out/DerivedData/Build/Intermediates.noindex/SwiftUIMultilanguageCodeEditorDemo.build/Debug/SwiftUIMultilanguageCodeEditorDemo.build/Objects-normal/x86_64/SwiftUIMultilanguageCodeEditorDemo.SwiftFileList -DDEBUG -enable-bare-slash-regex -enable-experimental-feature DebugDescriptionMacro -sdk /Applications/Xcode.app/Contents/Developer/Platforms/MacOSX.platform/Developer/SDKs/MacOSX26.2.sdk -target x86_64-apple-macos14.0 -g -module-cache-path /Volumes/SN550-2T/freewind-demos/swiftui-macos-multilanguage-code-editor-demo/build/out/DerivedData/ModuleCache.noindex -Xfrontend -serialize-debugging-options -enable-testing -index-store-path /Volumes/SN550-2T/freewind-demos/swiftui-macos-multilanguage-code-editor-demo/build/out/DerivedData/Index.noindex/DataStore -Xcc -D_LIBCPP_HARDENING_MODE\=_LIBCPP_HARDENING_MODE_DEBUG -swift-version 5 -I /Volumes/SN550-2T/freewind-demos/swiftui-macos-multilanguage-code-editor-demo/build/out/Debug -F /Volumes/SN550-2T/freewind-demos/swiftui-macos-multilanguage-code-editor-demo/build/out/Debug/PackageFrameworks -F /Volumes/SN550-2T/freewind-demos/swiftui-macos-multilanguage-code-editor-demo/build/out/Debug/PackageFrameworks -F /Volumes/SN550-2T/freewind-demos/swiftui-macos-multilanguage-code-editor-demo/build/out/Debug -c -j12 -enable-batch-mode -incremental -Xcc -ivfsstatcache -Xcc /Volumes/SN550-2T/freewind-demos/swiftui-macos-multilanguage-code-editor-demo/build/out/DerivedData/SDKStatCaches.noindex/macosx26.2-25C58-00fa09913b459cbbc988d1f6730289ae.sdkstatcache -output-file-map /Volumes/SN550-2T/freewind-demos/swiftui-macos-multilanguage-code-editor-demo/build/out/DerivedData/Build/Intermediates.noindex/SwiftUIMultilanguageCodeEditorDemo.build/Debug/SwiftUIMultilanguageCodeEditorDemo.build/Objects-normal/x86_64/SwiftUIMultilanguageCodeEditorDemo-OutputFileMap.json -use-frontend-parseable-output -save-temps -no-color-diagnostics -explicit-module-build -module-cache-path /Volumes/SN550-2T/freewind-demos/swiftui-macos-multilanguage-code-editor-demo/build/out/DerivedData/Build/Intermediates.noindex/SwiftExplicitPrecompiledModules -clang-scanner-module-cache-path /Volumes/SN550-2T/freewind-demos/swiftui-macos-multilanguage-code-editor-demo/build/out/DerivedData/ModuleCache.noindex -sdk-module-cache-path /Volumes/SN550-2T/freewind-demos/swiftui-macos-multilanguage-code-editor-demo/build/out/DerivedData/ModuleCache.noindex -serialize-diagnostics -emit-dependencies -emit-module -emit-module-path /Volumes/SN550-2T/freewind-demos/swiftui-macos-multilanguage-code-editor-demo/build/out/DerivedData/Build/Intermediates.noindex/SwiftUIMultilanguageCodeEditorDemo.build/Debug/SwiftUIMultilanguageCodeEditorDemo.build/Objects-normal/x86_64/SwiftUIMultilanguageCodeEditorDemo.swiftmodule -validate-clang-modules-once -clang-build-session-file /Volumes/SN550-2T/freewind-demos/swiftui-macos-multilanguage-code-editor-demo/build/out/DerivedData/ModuleCache.noindex/Session.modulevalidation -Xcc -I/Volumes/SN550-2T/freewind-demos/swiftui-macos-multilanguage-code-editor-demo/build/out/DerivedData/Build/Intermediates.noindex/SwiftUIMultilanguageCodeEditorDemo.build/Debug/SwiftUIMultilanguageCodeEditorDemo.build/swift-overrides.hmap -emit-const-values -Xfrontend -const-gather-protocols-file -Xfrontend /Volumes/SN550-2T/freewind-demos/swiftui-macos-multilanguage-code-editor-demo/build/out/DerivedData/Build/Intermediates.noindex/SwiftUIMultilanguageCodeEditorDemo.build/Debug/SwiftUIMultilanguageCodeEditorDemo.build/Objects-normal/x86_64/SwiftUIMultilanguageCodeEditorDemo_const_extract_protocols.json -Xcc -iquote -Xcc /Volumes/SN550-2T/freewind-demos/swiftui-macos-multilanguage-code-editor-demo/build/out/DerivedData/Build/Intermediates.noindex/SwiftUIMultilanguageCodeEditorDemo.build/Debug/SwiftUIMultilanguageCodeEditorDemo.build/SwiftUIMultilanguageCodeEditorDemo-generated-files.hmap -Xcc -I/Volumes/SN550-2T/freewind-demos/swiftui-macos-multilanguage-code-editor-demo/build/out/DerivedData/Build/Intermediates.noindex/SwiftUIMultilanguageCodeEditorDemo.build/Debug/SwiftUIMultilanguageCodeEditorDemo.build/SwiftUIMultilanguageCodeEditorDemo-own-target-headers.hmap -Xcc -I/Volumes/SN550-2T/freewind-demos/swiftui-macos-multilanguage-code-editor-demo/build/out/DerivedData/Build/Intermediates.noindex/SwiftUIMultilanguageCodeEditorDemo.build/Debug/SwiftUIMultilanguageCodeEditorDemo.build/SwiftUIMultilanguageCodeEditorDemo-all-non-framework-target-headers.hmap -Xcc -ivfsoverlay -Xcc /Volumes/SN550-2T/freewind-demos/swiftui-macos-multilanguage-code-editor-demo/build/out/DerivedData/Build/Intermediates.noindex/SwiftUIMultilanguageCodeEditorDemo.build/Debug/SwiftUIMultilanguageCodeEditorDemo-5166de08e69a4b826ded072cf8c6ac01-VFS/all-product-headers.yaml -Xcc -iquote -Xcc /Volumes/SN550-2T/freewind-demos/swiftui-macos-multilanguage-code-editor-demo/build/out/DerivedData/Build/Intermediates.noindex/SwiftUIMultilanguageCodeEditorDemo.build/Debug/SwiftUIMultilanguageCodeEditorDemo.build/SwiftUIMultilanguageCodeEditorDemo-project-headers.hmap -Xcc -I/Volumes/SN550-2T/freewind-demos/swiftui-macos-multilanguage-code-editor-demo/build/out/Debug/include -Xcc -I/Volumes/SN550-2T/freewind-demos/swiftui-macos-multilanguage-code-editor-demo/build/out/DerivedData/Build/Intermediates.noindex/SwiftUIMultilanguageCodeEditorDemo.build/Debug/SwiftUIMultilanguageCodeEditorDemo.build/DerivedSources-normal/x86_64 -Xcc -I/Volumes/SN550-2T/freewind-demos/swiftui-macos-multilanguage-code-editor-demo/build/out/DerivedData/Build/Intermediates.noindex/SwiftUIMultilanguageCodeEditorDemo.build/Debug/SwiftUIMultilanguageCodeEditorDemo.build/DerivedSources/x86_64 -Xcc -I/Volumes/SN550-2T/freewind-demos/swiftui-macos-multilanguage-code-editor-demo/build/out/DerivedData/Build/Intermediates.noindex/SwiftUIMultilanguageCodeEditorDemo.build/Debug/SwiftUIMultilanguageCodeEditorDemo.build/DerivedSources -Xcc -DDEBUG\=1 -emit-objc-header -emit-objc-header-path /Volumes/SN550-2T/freewind-demos/swiftui-macos-multilanguage-code-editor-demo/build/out/DerivedData/Build/Intermediates.noindex/SwiftUIMultilanguageCodeEditorDemo.build/Debug/SwiftUIMultilanguageCodeEditorDemo.build/Objects-normal/x86_64/SwiftUIMultilanguageCodeEditorDemo-Swift.h -working-directory /Volumes/SN550-2T/freewind-demos/swiftui-macos-multilanguage-code-editor-demo -experimental-emit-module-separately -disable-cmo

Ld /Volumes/SN550-2T/freewind-demos/swiftui-macos-multilanguage-code-editor-demo/build/out/Debug/SwiftUIMultilanguageCodeEditorDemo.app/Contents/MacOS/SwiftUIMultilanguageCodeEditorDemo.debug.dylib normal (in target 'SwiftUIMultilanguageCodeEditorDemo' from project 'SwiftUIMultilanguageCodeEditorDemo')
    cd /Volumes/SN550-2T/freewind-demos/swiftui-macos-multilanguage-code-editor-demo
    /Applications/Xcode.app/Contents/Developer/Toolchains/XcodeDefault.xctoolchain/usr/bin/clang -Xlinker -reproducible -target x86_64-apple-macos14.0 -dynamiclib -isysroot /Applications/Xcode.app/Contents/Developer/Platforms/MacOSX.platform/Developer/SDKs/MacOSX26.2.sdk -O0 -L/Volumes/SN550-2T/freewind-demos/swiftui-macos-multilanguage-code-editor-demo/build/out/DerivedData/Build/Intermediates.noindex/EagerLinkingTBDs/Debug -L/Volumes/SN550-2T/freewind-demos/swiftui-macos-multilanguage-code-editor-demo/build/out/Debug -F/Volumes/SN550-2T/freewind-demos/swiftui-macos-multilanguage-code-editor-demo/build/out/DerivedData/Build/Intermediates.noindex/EagerLinkingTBDs/Debug -F/Volumes/SN550-2T/freewind-demos/swiftui-macos-multilanguage-code-editor-demo/build/out/Debug/PackageFrameworks -F/Volumes/SN550-2T/freewind-demos/swiftui-macos-multilanguage-code-editor-demo/build/out/Debug/PackageFrameworks -F/Volumes/SN550-2T/freewind-demos/swiftui-macos-multilanguage-code-editor-demo/build/out/Debug -filelist /Volumes/SN550-2T/freewind-demos/swiftui-macos-multilanguage-code-editor-demo/build/out/DerivedData/Build/Intermediates.noindex/SwiftUIMultilanguageCodeEditorDemo.build/Debug/SwiftUIMultilanguageCodeEditorDemo.build/Objects-normal/x86_64/SwiftUIMultilanguageCodeEditorDemo.LinkFileList -install_name @rpath/SwiftUIMultilanguageCodeEditorDemo.debug.dylib -Xlinker -rpath -Xlinker /usr/lib/swift -Xlinker -rpath -Xlinker /Volumes/SN550-2T/freewind-demos/swiftui-macos-multilanguage-code-editor-demo/build/out/Debug/PackageFrameworks -Xlinker -rpath -Xlinker @executable_path/../Frameworks -Xlinker -object_path_lto -Xlinker /Volumes/SN550-2T/freewind-demos/swiftui-macos-multilanguage-code-editor-demo/build/out/DerivedData/Build/Intermediates.noindex/SwiftUIMultilanguageCodeEditorDemo.build/Debug/SwiftUIMultilanguageCodeEditorDemo.build/Objects-normal/x86_64/SwiftUIMultilanguageCodeEditorDemo_lto.o -rdynamic -Xlinker -no_deduplicate -Xlinker -dependency_info -Xlinker /Volumes/SN550-2T/freewind-demos/swiftui-macos-multilanguage-code-editor-demo/build/out/DerivedData/Build/Intermediates.noindex/SwiftUIMultilanguageCodeEditorDemo.build/Debug/SwiftUIMultilanguageCodeEditorDemo.build/Objects-normal/x86_64/SwiftUIMultilanguageCodeEditorDemo_dependency_info.dat -fobjc-link-runtime -L/Applications/Xcode.app/Contents/Developer/Toolchains/XcodeDefault.xctoolchain/usr/lib/swift/macosx -L/usr/lib/swift -Xlinker -add_ast_path -Xlinker /Volumes/SN550-2T/freewind-demos/swiftui-macos-multilanguage-code-editor-demo/build/out/DerivedData/Build/Intermediates.noindex/SwiftUIMultilanguageCodeEditorDemo.build/Debug/SwiftUIMultilanguageCodeEditorDemo.build/Objects-normal/x86_64/SwiftUIMultilanguageCodeEditorDemo.swiftmodule @/Volumes/SN550-2T/freewind-demos/swiftui-macos-multilanguage-code-editor-demo/build/out/DerivedData/Build/Intermediates.noindex/SwiftUIMultilanguageCodeEditorDemo.build/Debug/SwiftUIMultilanguageCodeEditorDemo.build/Objects-normal/x86_64/SwiftUIMultilanguageCodeEditorDemo-linker-args.resp -Wl,-no_warn_duplicate_libraries -Wl,-no_warn_duplicate_libraries -Xlinker -alias -Xlinker _main -Xlinker ___debug_main_executable_dylib_entry_point -Xlinker -no_adhoc_codesign -o /Volumes/SN550-2T/freewind-demos/swiftui-macos-multilanguage-code-editor-demo/build/out/Debug/SwiftUIMultilanguageCodeEditorDemo.app/Contents/MacOS/SwiftUIMultilanguageCodeEditorDemo.debug.dylib -Xlinker -add_ast_path -Xlinker /Volumes/SN550-2T/freewind-demos/swiftui-macos-multilanguage-code-editor-demo/build/out/DerivedData/Build/Intermediates.noindex/CodeEditor.build/Debug/CodeEditor.build/Objects-normal/x86_64/CodeEditor.swiftmodule @/Volumes/SN550-2T/freewind-demos/swiftui-macos-multilanguage-code-editor-demo/build/out/DerivedData/Build/Intermediates.noindex/CodeEditor.build/Debug/CodeEditor.build/Objects-normal/x86_64/CodeEditor-linker-args.resp -Xlinker -add_ast_path -Xlinker /Volumes/SN550-2T/freewind-demos/swiftui-macos-multilanguage-code-editor-demo/build/out/DerivedData/Build/Intermediates.noindex/Highlightr.build/Debug/Highlightr.build/Objects-normal/x86_64/Highlightr.swiftmodule @/Volumes/SN550-2T/freewind-demos/swiftui-macos-multilanguage-code-editor-demo/build/out/DerivedData/Build/Intermediates.noindex/Highlightr.build/Debug/Highlightr.build/Objects-normal/x86_64/Highlightr-linker-args.resp

ConstructStubExecutorLinkFileList /Volumes/SN550-2T/freewind-demos/swiftui-macos-multilanguage-code-editor-demo/build/out/DerivedData/Build/Intermediates.noindex/SwiftUIMultilanguageCodeEditorDemo.build/Debug/SwiftUIMultilanguageCodeEditorDemo.build/SwiftUIMultilanguageCodeEditorDemo-ExecutorLinkFileList-normal-x86_64.txt (in target 'SwiftUIMultilanguageCodeEditorDemo' from project 'SwiftUIMultilanguageCodeEditorDemo')
    cd /Volumes/SN550-2T/freewind-demos/swiftui-macos-multilanguage-code-editor-demo
    construct-stub-executor-link-file-list /Volumes/SN550-2T/freewind-demos/swiftui-macos-multilanguage-code-editor-demo/build/out/Debug/SwiftUIMultilanguageCodeEditorDemo.app/Contents/MacOS/SwiftUIMultilanguageCodeEditorDemo.debug.dylib /Applications/Xcode.app/Contents/Developer/Platforms/MacOSX.platform/Developer/usr/lib/libPreviewsJITStubExecutor_no_swift_entry_point.a /Applications/Xcode.app/Contents/Developer/Platforms/MacOSX.platform/Developer/usr/lib/libPreviewsJITStubExecutor.a --output /Volumes/SN550-2T/freewind-demos/swiftui-macos-multilanguage-code-editor-demo/build/out/DerivedData/Build/Intermediates.noindex/SwiftUIMultilanguageCodeEditorDemo.build/Debug/SwiftUIMultilanguageCodeEditorDemo.build/SwiftUIMultilanguageCodeEditorDemo-ExecutorLinkFileList-normal-x86_64.txt
note: Using stub executor library with Swift entry point. (in target 'SwiftUIMultilanguageCodeEditorDemo' from project 'SwiftUIMultilanguageCodeEditorDemo')

Ld /Volumes/SN550-2T/freewind-demos/swiftui-macos-multilanguage-code-editor-demo/build/out/Debug/SwiftUIMultilanguageCodeEditorDemo.app/Contents/MacOS/SwiftUIMultilanguageCodeEditorDemo normal (in target 'SwiftUIMultilanguageCodeEditorDemo' from project 'SwiftUIMultilanguageCodeEditorDemo')
    cd /Volumes/SN550-2T/freewind-demos/swiftui-macos-multilanguage-code-editor-demo
    /Applications/Xcode.app/Contents/Developer/Toolchains/XcodeDefault.xctoolchain/usr/bin/clang -Xlinker -reproducible -target x86_64-apple-macos14.0 -isysroot /Applications/Xcode.app/Contents/Developer/Platforms/MacOSX.platform/Developer/SDKs/MacOSX26.2.sdk -O0 -L/Volumes/SN550-2T/freewind-demos/swiftui-macos-multilanguage-code-editor-demo/build/out/Debug -F/Volumes/SN550-2T/freewind-demos/swiftui-macos-multilanguage-code-editor-demo/build/out/Debug/PackageFrameworks -F/Volumes/SN550-2T/freewind-demos/swiftui-macos-multilanguage-code-editor-demo/build/out/Debug/PackageFrameworks -F/Volumes/SN550-2T/freewind-demos/swiftui-macos-multilanguage-code-editor-demo/build/out/Debug -Xlinker -rpath -Xlinker @executable_path -Xlinker -rpath -Xlinker /Volumes/SN550-2T/freewind-demos/swiftui-macos-multilanguage-code-editor-demo/build/out/Debug/PackageFrameworks -Xlinker -rpath -Xlinker @executable_path/../Frameworks -rdynamic -Xlinker -no_deduplicate -e ___debug_blank_executor_main -Xlinker -sectcreate -Xlinker __TEXT -Xlinker __debug_dylib -Xlinker /Volumes/SN550-2T/freewind-demos/swiftui-macos-multilanguage-code-editor-demo/build/out/DerivedData/Build/Intermediates.noindex/SwiftUIMultilanguageCodeEditorDemo.build/Debug/SwiftUIMultilanguageCodeEditorDemo.build/SwiftUIMultilanguageCodeEditorDemo-DebugDylibPath-normal-x86_64.txt -Xlinker -sectcreate -Xlinker __TEXT -Xlinker __debug_instlnm -Xlinker /Volumes/SN550-2T/freewind-demos/swiftui-macos-multilanguage-code-editor-demo/build/out/DerivedData/Build/Intermediates.noindex/SwiftUIMultilanguageCodeEditorDemo.build/Debug/SwiftUIMultilanguageCodeEditorDemo.build/SwiftUIMultilanguageCodeEditorDemo-DebugDylibInstallName-normal-x86_64.txt -Xlinker -filelist -Xlinker /Volumes/SN550-2T/freewind-demos/swiftui-macos-multilanguage-code-editor-demo/build/out/DerivedData/Build/Intermediates.noindex/SwiftUIMultilanguageCodeEditorDemo.build/Debug/SwiftUIMultilanguageCodeEditorDemo.build/SwiftUIMultilanguageCodeEditorDemo-ExecutorLinkFileList-normal-x86_64.txt /Volumes/SN550-2T/freewind-demos/swiftui-macos-multilanguage-code-editor-demo/build/out/Debug/SwiftUIMultilanguageCodeEditorDemo.app/Contents/MacOS/SwiftUIMultilanguageCodeEditorDemo.debug.dylib -Xlinker -no_adhoc_codesign -o /Volumes/SN550-2T/freewind-demos/swiftui-macos-multilanguage-code-editor-demo/build/out/Debug/SwiftUIMultilanguageCodeEditorDemo.app/Contents/MacOS/SwiftUIMultilanguageCodeEditorDemo

ExtractAppIntentsMetadata (in target 'SwiftUIMultilanguageCodeEditorDemo' from project 'SwiftUIMultilanguageCodeEditorDemo')
    cd /Volumes/SN550-2T/freewind-demos/swiftui-macos-multilanguage-code-editor-demo
    /Applications/Xcode.app/Contents/Developer/Toolchains/XcodeDefault.xctoolchain/usr/bin/appintentsmetadataprocessor --toolchain-dir /Applications/Xcode.app/Contents/Developer/Toolchains/XcodeDefault.xctoolchain --module-name SwiftUIMultilanguageCodeEditorDemo --sdk-root /Applications/Xcode.app/Contents/Developer/Platforms/MacOSX.platform/Developer/SDKs/MacOSX26.2.sdk --xcode-version 17C529 --platform-family macOS --deployment-target 14.0 --bundle-identifier com.freewind.SwiftUIMultilanguageCodeEditorDemo --output /Volumes/SN550-2T/freewind-demos/swiftui-macos-multilanguage-code-editor-demo/build/out/Debug/SwiftUIMultilanguageCodeEditorDemo.app/Contents/Resources --target-triple x86_64-apple-macos14.0 --binary-file /Volumes/SN550-2T/freewind-demos/swiftui-macos-multilanguage-code-editor-demo/build/out/Debug/SwiftUIMultilanguageCodeEditorDemo.app/Contents/MacOS/SwiftUIMultilanguageCodeEditorDemo --dependency-file /Volumes/SN550-2T/freewind-demos/swiftui-macos-multilanguage-code-editor-demo/build/out/DerivedData/Build/Intermediates.noindex/SwiftUIMultilanguageCodeEditorDemo.build/Debug/SwiftUIMultilanguageCodeEditorDemo.build/Objects-normal/x86_64/SwiftUIMultilanguageCodeEditorDemo_dependency_info.dat --stringsdata-file /Volumes/SN550-2T/freewind-demos/swiftui-macos-multilanguage-code-editor-demo/build/out/DerivedData/Build/Intermediates.noindex/SwiftUIMultilanguageCodeEditorDemo.build/Debug/SwiftUIMultilanguageCodeEditorDemo.build/Objects-normal/x86_64/ExtractedAppShortcutsMetadata.stringsdata --source-file-list /Volumes/SN550-2T/freewind-demos/swiftui-macos-multilanguage-code-editor-demo/build/out/DerivedData/Build/Intermediates.noindex/SwiftUIMultilanguageCodeEditorDemo.build/Debug/SwiftUIMultilanguageCodeEditorDemo.build/Objects-normal/x86_64/SwiftUIMultilanguageCodeEditorDemo.SwiftFileList --metadata-file-list /Volumes/SN550-2T/freewind-demos/swiftui-macos-multilanguage-code-editor-demo/build/out/DerivedData/Build/Intermediates.noindex/SwiftUIMultilanguageCodeEditorDemo.build/Debug/SwiftUIMultilanguageCodeEditorDemo.build/SwiftUIMultilanguageCodeEditorDemo.DependencyMetadataFileList --static-metadata-file-list /Volumes/SN550-2T/freewind-demos/swiftui-macos-multilanguage-code-editor-demo/build/out/DerivedData/Build/Intermediates.noindex/SwiftUIMultilanguageCodeEditorDemo.build/Debug/SwiftUIMultilanguageCodeEditorDemo.build/SwiftUIMultilanguageCodeEditorDemo.DependencyStaticMetadataFileList --swift-const-vals-list /Volumes/SN550-2T/freewind-demos/swiftui-macos-multilanguage-code-editor-demo/build/out/DerivedData/Build/Intermediates.noindex/SwiftUIMultilanguageCodeEditorDemo.build/Debug/SwiftUIMultilanguageCodeEditorDemo.build/Objects-normal/x86_64/SwiftUIMultilanguageCodeEditorDemo.SwiftConstValuesFileList --compile-time-extraction --deployment-aware-processing --validate-assistant-intents --no-app-shortcuts-localization
2026-05-19 16:22:52.092 appintentsmetadataprocessor[4382:3449526] Starting appintentsmetadataprocessor export
2026-05-19 16:22:52.095 appintentsmetadataprocessor[4382:3449526] warning: Metadata extraction skipped. No AppIntents.framework dependency found.

CopySwiftLibs /Volumes/SN550-2T/freewind-demos/swiftui-macos-multilanguage-code-editor-demo/build/out/Debug/SwiftUIMultilanguageCodeEditorDemo.app (in target 'SwiftUIMultilanguageCodeEditorDemo' from project 'SwiftUIMultilanguageCodeEditorDemo')
    cd /Volumes/SN550-2T/freewind-demos/swiftui-macos-multilanguage-code-editor-demo
    builtin-swiftStdLibTool --copy --verbose --sign - --scan-executable /Volumes/SN550-2T/freewind-demos/swiftui-macos-multilanguage-code-editor-demo/build/out/Debug/SwiftUIMultilanguageCodeEditorDemo.app/Contents/MacOS/SwiftUIMultilanguageCodeEditorDemo.debug.dylib --scan-folder /Volumes/SN550-2T/freewind-demos/swiftui-macos-multilanguage-code-editor-demo/build/out/Debug/SwiftUIMultilanguageCodeEditorDemo.app/Contents/Frameworks --scan-folder /Volumes/SN550-2T/freewind-demos/swiftui-macos-multilanguage-code-editor-demo/build/out/Debug/SwiftUIMultilanguageCodeEditorDemo.app/Contents/PlugIns --scan-folder /Volumes/SN550-2T/freewind-demos/swiftui-macos-multilanguage-code-editor-demo/build/out/Debug/SwiftUIMultilanguageCodeEditorDemo.app/Contents/Library/SystemExtensions --scan-folder /Volumes/SN550-2T/freewind-demos/swiftui-macos-multilanguage-code-editor-demo/build/out/Debug/SwiftUIMultilanguageCodeEditorDemo.app/Contents/Extensions --platform macosx --toolchain /Applications/Xcode.app/Contents/Developer/Toolchains/XcodeDefault.xctoolchain --destination /Volumes/SN550-2T/freewind-demos/swiftui-macos-multilanguage-code-editor-demo/build/out/Debug/SwiftUIMultilanguageCodeEditorDemo.app/Contents/Frameworks --strip-bitcode --strip-bitcode-tool /Applications/Xcode.app/Contents/Developer/Toolchains/XcodeDefault.xctoolchain/usr/bin/bitcode_strip --emit-dependency-info /Volumes/SN550-2T/freewind-demos/swiftui-macos-multilanguage-code-editor-demo/build/out/DerivedData/Build/Intermediates.noindex/SwiftUIMultilanguageCodeEditorDemo.build/Debug/SwiftUIMultilanguageCodeEditorDemo.build/SwiftStdLibToolInputDependencies.dep --filter-for-swift-os --back-deploy-swift-span

CodeSign /Volumes/SN550-2T/freewind-demos/swiftui-macos-multilanguage-code-editor-demo/build/out/Debug/SwiftUIMultilanguageCodeEditorDemo.app/Contents/MacOS/SwiftUIMultilanguageCodeEditorDemo.debug.dylib (in target 'SwiftUIMultilanguageCodeEditorDemo' from project 'SwiftUIMultilanguageCodeEditorDemo')
    cd /Volumes/SN550-2T/freewind-demos/swiftui-macos-multilanguage-code-editor-demo
    
    Signing Identity:     "Sign to Run Locally"
    
    /usr/bin/codesign --force --sign - --timestamp\=none --generate-entitlement-der /Volumes/SN550-2T/freewind-demos/swiftui-macos-multilanguage-code-editor-demo/build/out/Debug/SwiftUIMultilanguageCodeEditorDemo.app/Contents/MacOS/SwiftUIMultilanguageCodeEditorDemo.debug.dylib

CodeSign /Volumes/SN550-2T/freewind-demos/swiftui-macos-multilanguage-code-editor-demo/build/out/Debug/SwiftUIMultilanguageCodeEditorDemo.app/Contents/MacOS/__preview.dylib (in target 'SwiftUIMultilanguageCodeEditorDemo' from project 'SwiftUIMultilanguageCodeEditorDemo')
    cd /Volumes/SN550-2T/freewind-demos/swiftui-macos-multilanguage-code-editor-demo
    
    Signing Identity:     "Sign to Run Locally"
    
    /usr/bin/codesign --force --sign - --timestamp\=none --generate-entitlement-der /Volumes/SN550-2T/freewind-demos/swiftui-macos-multilanguage-code-editor-demo/build/out/Debug/SwiftUIMultilanguageCodeEditorDemo.app/Contents/MacOS/__preview.dylib

CodeSign /Volumes/SN550-2T/freewind-demos/swiftui-macos-multilanguage-code-editor-demo/build/out/Debug/SwiftUIMultilanguageCodeEditorDemo.app (in target 'SwiftUIMultilanguageCodeEditorDemo' from project 'SwiftUIMultilanguageCodeEditorDemo')
    cd /Volumes/SN550-2T/freewind-demos/swiftui-macos-multilanguage-code-editor-demo
    
    Signing Identity:     "Sign to Run Locally"
    
    /usr/bin/codesign --force --sign - --entitlements /Volumes/SN550-2T/freewind-demos/swiftui-macos-multilanguage-code-editor-demo/build/out/DerivedData/Build/Intermediates.noindex/SwiftUIMultilanguageCodeEditorDemo.build/Debug/SwiftUIMultilanguageCodeEditorDemo.build/SwiftUIMultilanguageCodeEditorDemo.app.xcent --timestamp\=none --generate-entitlement-der /Volumes/SN550-2T/freewind-demos/swiftui-macos-multilanguage-code-editor-demo/build/out/Debug/SwiftUIMultilanguageCodeEditorDemo.app

RegisterExecutionPolicyException /Volumes/SN550-2T/freewind-demos/swiftui-macos-multilanguage-code-editor-demo/build/out/Debug/SwiftUIMultilanguageCodeEditorDemo.app (in target 'SwiftUIMultilanguageCodeEditorDemo' from project 'SwiftUIMultilanguageCodeEditorDemo')
    cd /Volumes/SN550-2T/freewind-demos/swiftui-macos-multilanguage-code-editor-demo
    builtin-RegisterExecutionPolicyException /Volumes/SN550-2T/freewind-demos/swiftui-macos-multilanguage-code-editor-demo/build/out/Debug/SwiftUIMultilanguageCodeEditorDemo.app

Validate /Volumes/SN550-2T/freewind-demos/swiftui-macos-multilanguage-code-editor-demo/build/out/Debug/SwiftUIMultilanguageCodeEditorDemo.app (in target 'SwiftUIMultilanguageCodeEditorDemo' from project 'SwiftUIMultilanguageCodeEditorDemo')
    cd /Volumes/SN550-2T/freewind-demos/swiftui-macos-multilanguage-code-editor-demo
    builtin-validationUtility /Volumes/SN550-2T/freewind-demos/swiftui-macos-multilanguage-code-editor-demo/build/out/Debug/SwiftUIMultilanguageCodeEditorDemo.app -no-validate-extension -infoplist-subpath Contents/Info.plist

Touch /Volumes/SN550-2T/freewind-demos/swiftui-macos-multilanguage-code-editor-demo/build/out/Debug/SwiftUIMultilanguageCodeEditorDemo.app (in target 'SwiftUIMultilanguageCodeEditorDemo' from project 'SwiftUIMultilanguageCodeEditorDemo')
    cd /Volumes/SN550-2T/freewind-demos/swiftui-macos-multilanguage-code-editor-demo
    /usr/bin/touch -c /Volumes/SN550-2T/freewind-demos/swiftui-macos-multilanguage-code-editor-demo/build/out/Debug/SwiftUIMultilanguageCodeEditorDemo.app

RegisterWithLaunchServices /Volumes/SN550-2T/freewind-demos/swiftui-macos-multilanguage-code-editor-demo/build/out/Debug/SwiftUIMultilanguageCodeEditorDemo.app (in target 'SwiftUIMultilanguageCodeEditorDemo' from project 'SwiftUIMultilanguageCodeEditorDemo')
    cd /Volumes/SN550-2T/freewind-demos/swiftui-macos-multilanguage-code-editor-demo
    /System/Library/Frameworks/CoreServices.framework/Versions/Current/Frameworks/LaunchServices.framework/Versions/Current/Support/lsregister -f -R -trusted /Volumes/SN550-2T/freewind-demos/swiftui-macos-multilanguage-code-editor-demo/build/out/Debug/SwiftUIMultilanguageCodeEditorDemo.app

** BUILD SUCCEEDED **

